Country_code,year,Country_name,hdi_value,life_expectancy
AFG,1990,Afghanistan,0.302,0.467
AFG,1991,Afghanistan,0.307,0.477
AFG,1992,Afghanistan,0.316,0.487
AFG,1993,Afghanistan,0.312,0.496
AFG,1994,Afghanistan,0.307,0.505
AFG,1995,Afghanistan,0.331,0.514
AFG,1996,Afghanistan,0.335,0.522
AFG,1997,Afghanistan,0.339,0.53
AFG,1998,Afghanistan,0.344,0.537
AFG,1999,Afghanistan,0.348,0.544
AFG,2000,Afghanistan,0.35,0.551
AFG,2001,Afghanistan,0.353,0.559
AFG,2002,Afghanistan,0.384,0.566
AFG,2003,Afghanistan,0.393,0.573
AFG,2004,Afghanistan,0.409,0.581
AFG,2005,Afghanistan,0.418,0.589
AFG,2006,Afghanistan,0.429,0.597
AFG,2007,Afghanistan,0.447,0.606
AFG,2008,Afghanistan,0.447,0.614
AFG,2009,Afghanistan,0.46,0.623
AFG,2010,Afghanistan,0.472,0.631
AFG,2011,Afghanistan,0.477,0.639
AFG,2012,Afghanistan,0.489,0.647
AFG,2013,Afghanistan,0.496,0.654
AFG,2014,Afghanistan,0.5,0.661
AFG,2015,Afghanistan,0.5,0.667
AFG,2016,Afghanistan,0.502,0.673
AFG,2017,Afghanistan,0.506,0.679
AFG,2018,Afghanistan,0.509,0.684
AFG,2019,Afghanistan,0.511,0.69

AGO,1990,Angola,NONE,0.389
AGO,1991,Angola,NONE,0.389
AGO,1992,Angola,NONE,0.388
AGO,1993,Angola,NONE,0.388
AGO,1994,Angola,NONE,0.388
AGO,1995,Angola,NONE,0.388
AGO,1996,Angola,NONE,0.39
AGO,1997,Angola,NONE,0.393
AGO,1998,Angola,NONE,0.396
AGO,1999,Angola,0.391,0.401
AGO,2000,Angola,0.4,0.408
AGO,2001,Angola,0.41,0.416
AGO,2002,Angola,0.426,0.426
AGO,2003,Angola,0.435,0.438
AGO,2004,Angola,0.446,0.45
AGO,2005,Angola,0.46,0.464
AGO,2006,Angola,0.473,0.479
AGO,2007,Angola,0.489,0.495
AGO,2008,Angola,0.501,0.511
AGO,2009,Angola,0.515,0.528
AGO,2010,Angola,0.517,0.544
AGO,2011,Angola,0.533,0.559
AGO,2012,Angola,0.544,0.573
AGO,2013,Angola,0.555,0.585
AGO,2014,Angola,0.565,0.597
AGO,2015,Angola,0.572,0.606
AGO,2016,Angola,0.578,0.614
AGO,2017,Angola,0.582,0.621
AGO,2018,Angola,0.582,0.627
AGO,2019,Angola,0.581,0.633

ALB,1990,Albania,0.65,0.797
ALB,1991,Albania,0.631,0.797
ALB,1992,Albania,0.615,0.797
ALB,1993,Albania,0.618,0.798
ALB,1994,Albania,0.624,0.8
ALB,1995,Albania,0.637,0.803
ALB,1996,Albania,0.646,0.808
ALB,1997,Albania,0.645,0.813
ALB,1998,Albania,0.655,0.819
ALB,1999,Albania,0.665,0.824
ALB,2000,Albania,0.671,0.83
ALB,2001,Albania,0.678,0.835
ALB,2002,Albania,0.684,0.84
ALB,2003,Albania,0.691,0.844
ALB,2004,Albania,0.696,0.847
ALB,2005,Albania,0.706,0.85
ALB,2006,Albania,0.713,0.853
ALB,2007,Albania,0.722,0.856
ALB,2008,Albania,0.728,0.86
ALB,2009,Albania,0.733,0.865
ALB,2010,Albania,0.745,0.87
ALB,2011,Albania,0.764,0.876
ALB,2012,Albania,0.775,0.881
ALB,2013,Albania,0.782,0.885
ALB,2014,Albania,0.787,0.889
ALB,2015,Albania,0.788,0.893
ALB,2016,Albania,0.788,0.895
ALB,2017,Albania,0.79,0.897
ALB,2018,Albania,0.792,0.899
ALB,2019,Albania,0.795,0.901

AND,1990,Andorra,NONE,0.869
AND,1991,Andorra,NONE,0.872
AND,1992,Andorra,NONE,0.875
AND,1993,Andorra,NONE,0.877
AND,1994,Andorra,NONE,0.88
AND,1995,Andorra,NONE,0.883
AND,1996,Andorra,NONE,0.887
AND,1997,Andorra,NONE,0.891
AND,1998,Andorra,NONE,0.895
AND,1999,Andorra,NONE,0.9
AND,2000,Andorra,0.813,0.906
AND,2001,Andorra,0.815,0.911
AND,2002,Andorra,0.82,0.915
AND,2003,Andorra,0.827,0.92
AND,2004,Andorra,0.833,0.923
AND,2005,Andorra,0.827,0.926
AND,2006,Andorra,0.837,0.928
AND,2007,Andorra,0.837,0.93
AND,2008,Andorra,0.84,0.932
AND,2009,Andorra,0.839,0.934
AND,2010,Andorra,0.837,0.936
AND,2011,Andorra,0.836,0.937
AND,2012,Andorra,0.858,0.939
AND,2013,Andorra,0.856,0.941
AND,2014,Andorra,0.863,0.943
AND,2015,Andorra,0.862,0.945
AND,2016,Andorra,0.866,0.947
AND,2017,Andorra,0.863,0.949
AND,2018,Andorra,0.867,0.951
AND,2019,Andorra,0.868,0.952

ARE,1990,United Arab Emirates,0.723,0.799
ARE,1991,United Arab Emirates,0.735,0.803
ARE,1992,United Arab Emirates,0.738,0.807
ARE,1993,United Arab Emirates,0.745,0.811
ARE,1994,United Arab Emirates,0.755,0.815
ARE,1995,United Arab Emirates,0.764,0.818
ARE,1996,United Arab Emirates,0.765,0.822
ARE,1997,United Arab Emirates,0.766,0.825
ARE,1998,United Arab Emirates,0.769,0.829
ARE,1999,United Arab Emirates,0.776,0.832
ARE,2000,United Arab Emirates,0.782,0.836
ARE,2001,United Arab Emirates,0.787,0.839
ARE,2002,United Arab Emirates,0.792,0.842
ARE,2003,United Arab Emirates,0.798,0.846
ARE,2004,United Arab Emirates,0.803,0.849
ARE,2005,United Arab Emirates,0.809,0.852
ARE,2006,United Arab Emirates,0.814,0.855
ARE,2007,United Arab Emirates,0.819,0.858
ARE,2008,United Arab Emirates,0.821,0.861
ARE,2009,United Arab Emirates,0.819,0.864
ARE,2010,United Arab Emirates,0.82,0.867
ARE,2011,United Arab Emirates0.826,,0.87
ARE,2012,United Arab Emirates,0.832,0.872
ARE,2013,United Arab Emirates,0.838,0.875
ARE,2014,United Arab Emirates,0.847,0.878
ARE,2015,United Arab Emirates,0.859,0.881
ARE,2016,United Arab Emirates,0.864,0.884
ARE,2017,United Arab Emirates,0.881,0.887
ARE,2018,United Arab Emirates,0.889,0.889
ARE,2019,United Arab Emirates,0.89,0.892

ARG,1990,Argentina,0.718,0.794
ARG,1991,Argentina,0.725,0.797
ARG,1992,Argentina,0.73,0.8
ARG,1993,Argentina,0.735,0.804
ARG,1994,Argentina,0.739,0.807
ARG,1995,Argentina,0.741,0.81
ARG,1996,Argentina,0.748,0.813
ARG,1997,Argentina,0.757,0.816
ARG,1998,Argentina,0.763,0.819
ARG,1999,Argentina,0.774,0.821
ARG,2000,Argentina,0.781,0.824
ARG,2001,Argentina,0.786,0.827
ARG,2002,Argentina,0.781,0.83
ARG,2003,Argentina,0.786,0.832
ARG,2004,Argentina,0.787,0.835
ARG,2005,Argentina,0.788,0.838
ARG,2006,Argentina,0.812,0.84
ARG,2007,Argentina,0.817,0.843
ARG,2008,Argentina,0.821,0.845
ARG,2009,Argentina,0.821,0.848
ARG,2010,Argentina,0.829,0.85
ARG,2011,Argentina,0.835,0.853
ARG,2012,Argentina,0.834,0.855
ARG,2013,Argentina,0.835,0.858
ARG,2014,Argentina,0.836,0.86
ARG,2015,Argentina,0.84,0.863
ARG,2016,Argentina,0.839,0.865
ARG,2017,Argentina,0.843,0.867
ARG,2018,Argentina,0.842,0.87
ARG,2019,Argentina,0.845,0.872

ARM,1990,Armenia,0.654,0.737
ARM,1991,Armenia,0.648,0.736
ARM,1992,Armenia,0.618,0.738
ARM,1993,Armenia,0.617,0.742
ARM,1994,Armenia,0.621,0.747
ARM,1995,Armenia,0.627,0.753
ARM,1996,Armenia,0.634,0.76
ARM,1997,Armenia,0.645,0.768
ARM,1998,Armenia,0.657,0.776
ARM,1999,Armenia,0.664,0.784
ARM,2000,Armenia,0.669,0.791
ARM,2001,Armenia,0.673,0.797
ARM,2002,Armenia,0.682,0.802
ARM,2003,Armenia,0.691,0.805
ARM,2004,Armenia,0.7,0.808
ARM,2005,Armenia,0.712,0.81
ARM,2006,Armenia,0.726,0.811
ARM,2007,Armenia,0.741,0.813
ARM,2008,Armenia,0.745,0.815
ARM,2009,Armenia,0.742,0.817
ARM,2010,Armenia,0.747,0.82
ARM,2011,Armenia,0.751,0.824
ARM,2012,Armenia,0.756,0.828
ARM,2013,Armenia,0.762,0.832
ARM,2014,Armenia,0.764,0.835
ARM,2015,Armenia,0.768,0.838
ARM,2016,Armenia,0.766,0.841
ARM,2017,Armenia,0.769,0.843
ARM,2018,Armenia,0.771,0.845
ARM,2019,Armenia,0.776,0.848

ATG,1990,Antigua and Barbuda,NONE,0.793
ATG,1991,Antigua and Barbuda,NONE,0.796
ATG,1992,Antigua and Barbuda,NONE,0.8
ATG,1993,Antigua and Barbuda,NONE,0.804
ATG,1994,Antigua and Barbuda,NONE,0.808
ATG,1995,Antigua and Barbuda,NONE,0.811
ATG,1996,Antigua and Barbuda,NONE,0.815
ATG,1997,Antigua and Barbuda,NONE,0.819
ATG,1998,Antigua and Barbuda,NONE,0.823
ATG,1999,Antigua and Barbuda,NONE,0.826
ATG,2000,Antigua and Barbuda,NONE,0.83
ATG,2001,Antigua and Barbuda,NONE,0.833
ATG,2002,Antigua and Barbuda,NONE,0.837
ATG,2003,Antigua and Barbuda,NONE,0.84
ATG,2004,Antigua and Barbuda,NONE,0.843
ATG,2005,Antigua and Barbuda,0.764,0.846
ATG,2006,Antigua and Barbuda,0.771,0.849
ATG,2007,Antigua and Barbuda,0.776,0.852
ATG,2008,Antigua and Barbuda,0.774,0.854
ATG,2009,Antigua and Barbuda,0.767,0.857
ATG,2010,Antigua and Barbuda,0.763,0.859
ATG,2011,Antigua and Barbuda,0.755,0.861
ATG,2012,Antigua and Barbuda,0.759,0.863
ATG,2013,Antigua and Barbuda,0.76,0.865
ATG,2014,Antigua and Barbuda,0.76,0.867
ATG,2015,Antigua and Barbuda,0.762,0.869
ATG,2016,Antigua and Barbuda,0.765,0.871
ATG,2017,Antigua and Barbuda,0.768,0.873
ATG,2018,Antigua and Barbuda,0.772,0.875
ATG,2019,Antigua and Barbuda,0.778,0.877

AUS,1990,Australia,0.871,0.876
AUS,1991,Australia,0.871,0.88
AUS,1992,Australia,0.873,0.885
AUS,1993,Australia,0.876,0.889
AUS,1994,Australia,0.879,0.893
AUS,1995,Australia,0.888,0.896
AUS,1996,Australia,0.89,0.9
AUS,1997,Australia,0.893,0.904
AUS,1998,Australia,0.896,0.908
AUS,1999,Australia,0.9,0.912
AUS,2000,Australia,0.903,0.917
AUS,2001,Australia,0.905,0.921
AUS,2002,Australia,0.907,0.926
AUS,2003,Australia,0.909,0.93
AUS,2004,Australia,0.911,0.934
AUS,2005,Australia,0.906,0.938
AUS,2006,Australia,0.909,0.941
AUS,2007,Australia,0.912,0.944
AUS,2008,Australia,0.926,0.947
AUS,2009,Australia,0.928,0.95
AUS,2010,Australia,0.93,0.953
AUS,2011,Australia,0.932,0.956
AUS,2012,Australia,0.937,0.958
AUS,2013,Australia,0.931,0.961
AUS,2014,Australia,0.933,0.963
AUS,2015,Australia,0.938,0.966
AUS,2016,Australia,0.939,0.969
AUS,2017,Australia,0.941,0.971
AUS,2018,Australia,0.943,0.974
AUS,2019,Australia,0.944,0.976

AUT,1990,Austria,0.803,0.855
AUT,1991,Austria,0.808,0.859
AUT,1992,Austria,0.813,0.863
AUT,1993,Austria,0.817,0.866
AUT,1994,Austria,0.821,0.87
AUT,1995,Austria,0.825,0.874
AUT,1996,Austria,0.829,0.878
AUT,1997,Austria,0.832,0.883
AUT,1998,Austria,0.837,0.887
AUT,1999,Austria,0.842,0.892
AUT,2000,Austria,0.847,0.896
AUT,2001,Austria,0.857,0.9
AUT,2002,Austria,0.847,0.904
AUT,2003,Austria,0.851,0.909
AUT,2004,Austria,0.858,0.913
AUT,2005,Austria,0.863,0.916
AUT,2006,Austria,0.87,0.92
AUT,2007,Austria,0.89,0.924
AUT,2008,Austria,0.893,0.927
AUT,2009,Austria,0.895,0.93
AUT,2010,Austria,0.904,0.933
AUT,2011,Austria,0.906,0.935
AUT,2012,Austria,0.908,0.937
AUT,2013,Austria,0.905,0.939
AUT,2014,Austria,0.913,0.94
AUT,2015,Austria,0.915,0.941
AUT,2016,Austria,0.917,0.942
AUT,2017,Austria,0.919,0.944
AUT,2018,Austria,0.921,0.945
AUT,2019,Austria,0.922,0.947

AZE,1990,Azerbaijan,NONE,0.69
AZE,1991,Azerbaijan,NONE,0.688
AZE,1992,Azerbaijan,NONE,0.688
AZE,1993,Azerbaijan,NONE,0.689
AZE,1994,Azerbaijan,NONE,0.692
AZE,1995,Azerbaijan,0.604,0.696
AZE,1996,Azerbaijan,0.605,0.701
AZE,1997,Azerbaijan,0.61,0.706
AZE,1998,Azerbaijan,0.619,0.711
AZE,1999,Azerbaijan,0.629,0.715
AZE,2000,Azerbaijan,0.635,0.719
AZE,2001,Azerbaijan,0.643,0.724
AZE,2002,Azerbaijan,0.651,0.729
AZE,2003,Azerbaijan,0.659,0.735
AZE,2004,Azerbaijan,0.667,0.742
AZE,2005,Azerbaijan,0.674,0.75
AZE,2006,Azerbaijan,0.701,0.758
AZE,2007,Azerbaijan,0.706,0.765
AZE,2008,Azerbaijan,0.716,0.772
AZE,2009,Azerbaijan,0.727,0.778
AZE,2010,Azerbaijan,0.726,0.784
AZE,2011,Azerbaijan,0.727,0.788
AZE,2012,Azerbaijan,0.73,0.792
AZE,2013,Azerbaijan,0.735,0.796
AZE,2014,Azerbaijan,0.74,0.8
AZE,2015,Azerbaijan,0.744,0.804
AZE,2016,Azerbaijan,0.751,0.808
AZE,2017,Azerbaijan,0.754,0.811
AZE,2018,Azerbaijan,0.754,0.813
AZE,2019,Azerbaijan,0.756,0.816

BDI,1990,Burundi,0.299,0.428
BDI,1991,Burundi,0.302,0.423
BDI,1992,Burundi,0.299,0.419
BDI,1993,Burundi,0.299,0.415
BDI,1994,Burundi,0.296,0.412
BDI,1995,Burundi,0.292,0.412
BDI,1996,Burundi,0.289,0.414
BDI,1997,Burundi,0.29,0.419
BDI,1998,Burundi,0.294,0.426
BDI,1999,Burundi,0.295,0.436
BDI,2000,Burundi,0.3,0.448
BDI,2001,Burundi,0.301,0.46
BDI,2002,Burundi,0.311,0.474
BDI,2003,Burundi,0.319,0.488
BDI,2004,Burundi,0.33,0.501
BDI,2005,Burundi,0.337,0.513
BDI,2006,Burundi,0.359,0.526
BDI,2007,Burundi,0.371,0.538
BDI,2008,Burundi,0.384,0.55
BDI,2009,Burundi,0.401,0.561
BDI,2010,Burundi,0.411,0.573
BDI,2011,Burundi,0.419,0.583
BDI,2012,Burundi,0.426,0.593
BDI,2013,Burundi,0.432,0.602
BDI,2014,Burundi,0.438,0.61
BDI,2015,Burundi,0.437,0.617
BDI,2016,Burundi,0.438,0.624
BDI,2017,Burundi,0.434,0.629
BDI,2018,Burundi,0.431,0.635
BDI,2019,Burundi,0.433,0.64

BEL,1990,Belgium,0.813,0.859
BEL,1991,Belgium,0.817,0.863
BEL,1992,Belgium,0.832,0.866
BEL,1993,Belgium,0.845,0.869
BEL,1994,Belgium,0.852,0.872
BEL,1995,Belgium,0.859,0.875
BEL,1996,Belgium,0.864,0.878
BEL,1997,Belgium,0.869,0.881
BEL,1998,Belgium,0.873,0.884
BEL,1999,Belgium,0.875,0.887
BEL,2000,Belgium,0.88,0.89
BEL,2001,Belgium,0.883,0.893
BEL,2002,Belgium,0.886,0.897
BEL,2003,Belgium,0.889,0.9
BEL,2004,Belgium,0.893,0.904
BEL,2005,Belgium,0.897,0.907
BEL,2006,Belgium,0.904,0.911
BEL,2007,Belgium,0.907,0.914
BEL,2008,Belgium,0.906,0.918
BEL,2009,Belgium,0.907,0.921
BEL,2010,Belgium,0.91,0.924
BEL,2011,Belgium,0.911,0.927
BEL,2012,Belgium,0.913,0.93
BEL,2013,Belgium,0.916,0.933
BEL,2014,Belgium,0.918,0.935
BEL,2015,Belgium,0.922,0.938
BEL,2016,Belgium,0.924,0.941
BEL,2017,Belgium,0.929,0.943
BEL,2018,Belgium,0.93,0.946
BEL,2019,Belgium,0.93,0.94

BEN,1990,Benin,0.364,0.52
BEN,1991,Benin,0.371,0.529
BEN,1992,Benin,0.375,0.535
BEN,1993,Benin,0.382,0.539
BEN,1994,Benin,0.386,0.541
BEN,1995,Benin,0.391,0.542
BEN,1996,Benin,0.394,0.541
BEN,1997,Benin,0.399,0.541
BEN,1998,Benin,0.403,0.541
BEN,1999,Benin,0.409,0.542
BEN,2000,Benin,0.416,0.544
BEN,2001,Benin,0.428,0.549
BEN,2002,Benin,0.438,0.554
BEN,2003,Benin,0.445,0.561
BEN,2004,Benin,0.453,0.567
BEN,2005,Benin,0.459,0.575
BEN,2006,Benin,0.467,0.582
BEN,2007,Benin,0.475,0.589
BEN,2008,Benin,0.482,0.595
BEN,2009,Benin,0.488,0.6
BEN,2010,Benin,0.494,0.605
BEN,2011,Benin,0.5,0.609
BEN,2012,Benin,0.51,0.613
BEN,2013,Benin,0.522,0.617
BEN,2014,Benin,0.527,0.621
BEN,2015,Benin,0.532,0.625
BEN,2016,Benin,0.533,0.629
BEN,2017,Benin,0.536,0.633
BEN,2018,Benin,0.541,0.638
BEN,2019,Benin,0.54,0.64

BFA,1990,Burkina Faso,NONE,0.453
BFA,1991,Burkina Faso,NONE,0.452
BFA,1992,Burkina Faso,NONE,0.452
BFA,1993,Burkina Faso,NONE,0.452
BFA,1994,Burkina Faso,NONE,0.452
BFA,1995,Burkina Faso,NONE,0.453
BFA,1996,Burkina Faso,NONE,0.455
BFA,1997,Burkina Faso,NONE,0.457
BFA,1998,Burkina Faso,NONE,0.46
BFA,1999,Burkina Faso,NONE,0.464
BFA,2000,Burkina Faso,0.293,0.469
BFA,2001,Burkina Faso,0.298,0.475
BFA,2002,Burkina Faso,0.303,0.483
BFA,2003,Burkina Faso,0.31,0.492
BFA,2004,Burkina Faso,0.32,0.502
BFA,2005,Burkina Faso,0.332,0.512
BFA,2006,Burkina Faso,0.341,0.524
BFA,2007,Burkina Faso,0.352,0.536
BFA,2008,Burkina Faso,0.364,0.548
BFA,2009,Burkina Faso,0.373,0.56
BFA,2010,Burkina Faso,0.384,0.571
BFA,2011,Burkina Faso,0.394,0.581
BFA,2012,Burkina Faso,0.403,0.59
BFA,2013,Burkina Faso,0.41,0.599
BFA,2014,Burkina Faso,0.413,0.607
BFA,2015,Burkina Faso,0.422,0.614
BFA,2016,Burkina Faso,0.428,0.621
BFA,2017,Burkina Faso,0.439,0.627
BFA,2018,Burkina Faso,0.443,0.633
BFA,2019,Burkina Faso,0.45,0.64

BGD,1990,Bangladesh,0.394,0.588
BGD,1991,Bangladesh,0.401,0.598
BGD,1992,Bangladesh,0.41,0.61
BGD,1993,Bangladesh,0.418,0.621
BGD,1994,Bangladesh,0.426,0.634
BGD,1995,Bangladesh,0.434,0.646
BGD,1996,Bangladesh,0.443,0.658
BGD,1997,Bangladesh,0.452,0.67
BGD,1998,Bangladesh,0.461,0.681
BGD,1999,Bangladesh,0.469,0.69
BGD,2000,Bangladesh,0.478,0.699
BGD,2001,Bangladesh,0.486,0.707
BGD,2002,Bangladesh,0.492,0.714
BGD,2003,Bangladesh,0.499,0.721
BGD,2004,Bangladesh,0.506,0.728
BGD,2005,Bangladesh,0.514,0.735
BGD,2006,Bangladesh,0.521,0.742
BGD,2007,Bangladesh,0.528,0.748
BGD,2008,Bangladesh,0.531,0.755
BGD,2009,Bangladesh,0.543,0.761
BGD,2010,Bangladesh,0.557,0.767
BGD,2011,Bangladesh,0.566,0.773
BGD,2012,Bangladesh,0.575,0.779
BGD,2013,Bangladesh,0.579,0.784
BGD,2014,Bangladesh,0.579,0.788
BGD,2015,Bangladesh,0.595,0.793
BGD,2016,Bangladesh,0.606,0.797
BGD,2017,Bangladesh,0.616,0.801
BGD,2018,Bangladesh,0.625,0.805
BGD,2019,Bangladesh,0.63,0.80

BGR,1990,Bulgaria,0.708,0.789
BGR,1991,Bulgaria,0.705,0.788
BGR,1992,Bulgaria,0.705,0.787
BGR,1993,Bulgaria,0.704,0.785
BGR,1994,Bulgaria,0.705,0.784
BGR,1995,Bulgaria,0.71,0.784
BGR,1996,Bulgaria,0.718,0.784
BGR,1997,Bulgaria,0.713,0.785
BGR,1998,Bulgaria,0.718,0.786
BGR,1999,Bulgaria,0.716,0.789
BGR,2000,Bulgaria,0.72,0.792
BGR,2001,Bulgaria,0.73,0.796
BGR,2002,Bulgaria,0.736,0.8
BGR,2003,Bulgaria,0.745,0.804
BGR,2004,Bulgaria,0.752,0.807
BGR,2005,Bulgaria,0.758,0.81
BGR,2006,Bulgaria,0.765,0.813
BGR,2007,Bulgaria,0.773,0.817
BGR,2008,Bulgaria,0.78,0.82
BGR,2009,Bulgaria,0.782,0.823
BGR,2010,Bulgaria,0.788,0.826
BGR,2011,Bulgaria,0.791,0.83
BGR,2012,Bulgaria,0.795,0.833
BGR,2013,Bulgaria,0.801,0.835
BGR,2014,Bulgaria,0.806,0.838
BGR,2015,Bulgaria,0.809,0.84
BGR,2016,Bulgaria,0.811,0.842
BGR,2017,Bulgaria,0.811,0.843
BGR,2018,Bulgaria,0.813,0.845
BGR,2019,Bulgaria,0.81,0.84

BHR,1990,Bahrain,0.749,0.806
BHR,1991,Bahrain,0.755,0.809
BHR,1992,Bahrain,0.76,0.812
BHR,1993,Bahrain,0.769,0.815
BHR,1994,Bahrain,0.772,0.819
BHR,1995,Bahrain,0.778,0.822
BHR,1996,Bahrain,0.782,0.825
BHR,1997,Bahrain,0.783,0.828
BHR,1998,Bahrain,0.787,0.831
BHR,1999,Bahrain,0.789,0.834
BHR,2000,Bahrain,0.795,0.838
BHR,2001,Bahrain,0.796,0.841
BHR,2002,Bahrain,0.795,0.843
BHR,2003,Bahrain,0.797,0.846
BHR,2004,Bahrain,0.796,0.849
BHR,2005,Bahrain,0.795,0.851
BHR,2006,Bahrain,0.797,0.854
BHR,2007,Bahrain,0.799,0.856
BHR,2008,Bahrain,0.8,0.858
BHR,2009,Bahrain,0.798,0.86
BHR,2010,Bahrain,0.8,0.862
BHR,2011,Bahrain,0.801,0.865
BHR,2012,Bahrain,0.808,0.867
BHR,2013,Bahrain,0.815,0.869
BHR,2014,Bahrain,0.82,0.871
BHR,2015,Bahrain,0.848,0.873
BHR,2016,Bahrain,0.853,0.875
BHR,2017,Bahrain,0.854,0.877
BHR,2018,Bahrain,0.852,0.879
BHR,2019,Bahrain,0.85,0.88

BHS,1990,Bahamas,NONE,0.772
BHS,1991,Bahamas,NONE,0.777
BHS,1992,Bahamas,NONE,0.782
BHS,1993,Bahamas,NONE,0.786
BHS,1994,Bahamas,NONE,0.789
BHS,1995,Bahamas,NONE,0.792
BHS,1996,Bahamas,NONE,0.794
BHS,1997,Bahamas,NONE,0.795
BHS,1998,Bahamas,NONE,0.797
BHS,1999,Bahamas,NONE,0.798
BHS,2000,Bahamas,0.797,0.799
BHS,2001,Bahamas,0.798,0.799
BHS,2002,Bahamas,0.8,0.8
BHS,2003,Bahamas,0.799,0.8
BHS,2004,Bahamas,0.8,0.8
BHS,2005,Bahamas,0.801,0.8
BHS,2006,Bahamas,0.804,0.8
BHS,2007,Bahamas,0.804,0.8
BHS,2008,Bahamas,0.804,0.8
BHS,2009,Bahamas,0.803,0.801
BHS,2010,Bahamas,0.805,0.802
BHS,2011,Bahamas,0.805,0.804
BHS,2012,Bahamas,0.807,0.807
BHS,2013,Bahamas,0.806,0.81
BHS,2014,Bahamas,0.805,0.813
BHS,2015,Bahamas,0.808,0.817
BHS,2016,Bahamas,0.81,0.82
BHS,2017,Bahamas,0.812,0.824
BHS,2018,Bahamas,0.812,0.827
BHS,2019,Bahamas,0.81,0.83

BIH,1990,Bosnia and Herzegovina,NONE,0.783
BIH,1991,Bosnia and Herzegovina,NONE,0.779
BIH,1992,Bosnia and Herzegovina,NONE,0.778
BIH,1993,Bosnia and Herzegovina,NONE,0.78
BIH,1994,Bosnia and Herzegovina,NONE,0.786
BIH,1995,Bosnia and Herzegovina,NONE,0.795
BIH,1996,Bosnia and Herzegovina,NONE,0.805
BIH,1997,Bosnia and Herzegovina,NONE,0.815
BIH,1998,Bosnia and Herzegovina,NONE,0.824
BIH,1999,Bosnia and Herzegovina,NONE,0.832
BIH,2000,Bosnia and Herzegovina,0.679,0.837
BIH,2001,Bosnia and Herzegovina,0.684,0.841
BIH,2002,Bosnia and Herzegovina,0.689,0.843
BIH,2003,Bosnia and Herzegovina,0.695,0.845
BIH,2004,Bosnia and Herzegovina,0.701,0.847
BIH,2005,Bosnia and Herzegovina,0.706,0.849
BIH,2006,Bosnia and Herzegovina,0.712,0.851
BIH,2007,Bosnia and Herzegovina,0.719,0.854
BIH,2008,Bosnia and Herzegovina,0.726,0.856
BIH,2009,Bosnia and Herzegovina,0.727,0.859
BIH,2010,Bosnia and Herzegovina,0.721,0.862
BIH,2011,Bosnia and Herzegovina,0.729,0.865
BIH,2012,Bosnia and Herzegovina,0.748,0.868
BIH,2013,Bosnia and Herzegovina,0.755,0.87
BIH,2014,Bosnia and Herzegovina,0.758,0.873
BIH,2015,Bosnia and Herzegovina,0.761,0.875
BIH,2016,Bosnia and Herzegovina,0.772,0.877
BIH,2017,Bosnia and Herzegovina,0.774,0.879
BIH,2018,Bosnia and Herzegovina,0.777,0.881
BIH,2019,Bosnia and Herzegovina,0.78,0.88

BLR,1990,Belarus,NONE,0.779
BLR,1991,Belarus,NONE,0.773
BLR,1992,Belarus,NONE,0.765
BLR,1993,Belarus,NONE,0.757
BLR,1994,Belarus,NONE,0.75
BLR,1995,Belarus,0.66,0.743
BLR,1996,Belarus,0.664,0.737
BLR,1997,Belarus,0.67,0.733
BLR,1998,Belarus,0.674,0.73
BLR,1999,Belarus,0.679,0.728
BLR,2000,Belarus,0.686,0.729
BLR,2001,Belarus,0.692,0.73
BLR,2002,Belarus,0.699,0.732
BLR,2003,Belarus,0.707,0.736
BLR,2004,Belarus,0.717,0.739
BLR,2005,Belarus,0.727,0.743
BLR,2006,Belarus,0.744,0.749
BLR,2007,Belarus,0.76,0.755
BLR,2008,Belarus,0.777,0.763
BLR,2009,Belarus,0.787,0.772
BLR,2010,Belarus,0.795,0.782
BLR,2011,Belarus,0.801,0.791
BLR,2012,Belarus,0.806,0.801
BLR,2013,Belarus,0.811,0.81
BLR,2014,Belarus,0.814,0.818
BLR,2015,Belarus,0.814,0.825
BLR,2016,Belarus,0.815,0.831
BLR,2017,Belarus,0.819,0.836
BLR,2018,Belarus,0.823,0.84
BLR,2019,Belarus,0.82,0.84

BLZ,1990,Belize,0.61,0.788
BLZ,1991,Belize,0.614,0.785
BLZ,1992,Belize,0.621,0.779
BLZ,1993,Belize,0.624,0.773
BLZ,1994,Belize,0.623,0.767
BLZ,1995,Belize,0.624,0.761
BLZ,1996,Belize,0.624,0.755
BLZ,1997,Belize,0.626,0.752
BLZ,1998,Belize,0.628,0.75
BLZ,1999,Belize,0.633,0.75
BLZ,2000,Belize,0.64,0.751
BLZ,2001,Belize,0.644,0.754
BLZ,2002,Belize,0.651,0.758
BLZ,2003,Belize,0.659,0.762
BLZ,2004,Belize,0.665,0.765
BLZ,2005,Belize,0.662,0.769
BLZ,2006,Belize,0.672,0.774
BLZ,2007,Belize,0.674,0.779
BLZ,2008,Belize,0.679,0.786
BLZ,2009,Belize,0.684,0.793
BLZ,2010,Belize,0.695,0.801
BLZ,2011,Belize,0.694,0.809
BLZ,2012,Belize,0.701,0.816
BLZ,2013,Belize,0.702,0.822
BLZ,2014,Belize,0.705,0.827
BLZ,2015,Belize,0.71,0.831
BLZ,2016,Belize,0.717,0.834
BLZ,2017,Belize,0.714,0.836
BLZ,2018,Belize,0.714,0.838
BLZ,2019,Belize,0.71,0.84

BOL,1990,Bolivia,0.551,0.555
BOL,1991,Bolivia,0.559,0.565
BOL,1992,Bolivia,0.566,0.575
BOL,1993,Bolivia,0.573,0.584
BOL,1994,Bolivia,0.581,0.594
BOL,1995,Bolivia,0.589,0.604
BOL,1996,Bolivia,0.595,0.614
BOL,1997,Bolivia,0.598,0.624
BOL,1998,Bolivia,0.61,0.634
BOL,1999,Bolivia,0.619,0.644
BOL,2000,Bolivia,0.627,0.653
BOL,2001,Bolivia,0.63,0.662
BOL,2002,Bolivia,0.637,0.671
BOL,2003,Bolivia,0.64,0.68
BOL,2004,Bolivia,0.641,0.689
BOL,2005,Bolivia,0.643,0.697
BOL,2006,Bolivia,0.649,0.705
BOL,2007,Bolivia,0.649,0.714
BOL,2008,Bolivia,0.658,0.722
BOL,2009,Bolivia,0.663,0.73
BOL,2010,Bolivia,0.667,0.739
BOL,2011,Bolivia,0.671,0.746
BOL,2012,Bolivia,0.675,0.754
BOL,2013,Bolivia,0.684,0.761
BOL,2014,Bolivia,0.69,0.768
BOL,2015,Bolivia,0.697,0.773
BOL,2016,Bolivia,0.702,0.779
BOL,2017,Bolivia,0.71,0.784
BOL,2018,Bolivia,0.714,0.788
BOL,2019,Bolivia,0.71,0.79

BRA,1990,Brazil,0.613,0.713
BRA,1991,Brazil,0.621,0.719
BRA,1992,Brazil,0.627,0.725
BRA,1993,Brazil,0.635,0.731
BRA,1994,Brazil,0.642,0.737
BRA,1995,Brazil,0.651,0.743
BRA,1996,Brazil,0.658,0.749
BRA,1997,Brazil,0.665,0.755
BRA,1998,Brazil,0.67,0.76
BRA,1999,Brazil,0.676,0.766
BRA,2000,Brazil,0.685,0.771
BRA,2001,Brazil,0.691,0.776
BRA,2002,Brazil,0.699,0.782
BRA,2003,Brazil,0.695,0.787
BRA,2004,Brazil,0.698,0.793
BRA,2005,Brazil,0.7,0.798
BRA,2006,Brazil,0.702,0.804
BRA,2007,Brazil,0.706,0.81
BRA,2008,Brazil,0.717,0.815
BRA,2009,Brazil,0.719,0.82
BRA,2010,Brazil,0.727,0.825
BRA,2011,Brazil,0.731,0.83
BRA,2012,Brazil,0.735,0.834
BRA,2013,Brazil,0.753,0.838
BRA,2014,Brazil,0.756,0.842
BRA,2015,Brazil,0.756,0.846
BRA,2016,Brazil,0.758,0.85
BRA,2017,Brazil,0.761,0.853
BRA,2018,Brazil,0.762,0.856
BRA,2019,Brazil,0.76,0.86

BRB,1990,Barbados,0.732,0.842
BRB,1991,Barbados,0.733,0.844
BRB,1992,Barbados,0.733,0.848
BRB,1993,Barbados,0.737,0.851
BRB,1994,Barbados,0.742,0.855
BRB,1995,Barbados,0.747,0.859
BRB,1996,Barbados,0.751,0.864
BRB,1997,Barbados,0.757,0.868
BRB,1998,Barbados,0.753,0.872
BRB,1999,Barbados,0.76,0.876
BRB,2000,Barbados,0.771,0.879
BRB,2001,Barbados,0.77,0.882
BRB,2002,Barbados,0.774,0.885
BRB,2003,Barbados,0.778,0.887
BRB,2004,Barbados,0.782,0.889
BRB,2005,Barbados,0.787,0.891
BRB,2006,Barbados,0.791,0.892
BRB,2007,Barbados,0.796,0.894
BRB,2008,Barbados,0.8,0.895
BRB,2009,Barbados,0.8,0.896
BRB,2010,Barbados,0.797,0.898
BRB,2011,Barbados,0.799,0.899
BRB,2012,Barbados,0.808,0.901
BRB,2013,Barbados,0.807,0.902
BRB,2014,Barbados,0.808,0.903
BRB,2015,Barbados,0.809,0.905
BRB,2016,Barbados,0.811,0.906
BRB,2017,Barbados,0.81,0.907
BRB,2018,Barbados,0.81,0.909
BRB,2019,Barbados,0.81,0.91

BRN,1990,Brunei Darussalam,0.767,0.772
BRN,1991,Brunei Darussalam,0.771,0.776
BRN,1992,Brunei Darussalam,0.777,0.78
BRN,1993,Brunei Darussalam,0.781,0.784
BRN,1994,Brunei Darussalam,0.786,0.788
BRN,1995,Brunei Darussalam,0.79,0.792
BRN,1996,Brunei Darussalam,0.793,0.796
BRN,1997,Brunei Darussalam,0.794,0.8
BRN,1998,Brunei Darussalam,0.794,0.804
BRN,1999,Brunei Darussalam,0.8,0.808
BRN,2000,Brunei Darussalam,0.802,0.812
BRN,2001,Brunei Darussalam,0.803,0.817
BRN,2002,Brunei Darussalam,0.807,0.82
BRN,2003,Brunei Darussalam,0.813,0.824
BRN,2004,Brunei Darussalam,0.818,0.828
BRN,2005,Brunei Darussalam,0.822,0.831
BRN,2006,Brunei Darussalam,0.825,0.834
BRN,2007,Brunei Darussalam,0.825,0.836
BRN,2008,Brunei Darussalam,0.825,0.838
BRN,2009,Brunei Darussalam,0.827,0.84
BRN,2010,Brunei Darussalam,0.827,0.842
BRN,2011,Brunei Darussalam,0.831,0.844
BRN,2012,Brunei Darussalam,0.839,0.846
BRN,2013,Brunei Darussalam,0.839,0.847
BRN,2014,Brunei Darussalam,0.838,0.849
BRN,2015,Brunei Darussalam,0.838,0.851
BRN,2016,Brunei Darussalam,0.839,0.853
BRN,2017,Brunei Darussalam,0.838,0.855
BRN,2018,Brunei Darussalam,0.836,0.857
BRN,2019,Brunei Darussalam,0.83,0.85

BTN,1990,Bhutan,NONE,0.506
BTN,1991,Bhutan,NONE,0.517
BTN,1992,Bhutan,NONE,0.529
BTN,1993,Bhutan,NONE,0.54
BTN,1994,Bhutan,NONE,0.552
BTN,1995,Bhutan,NONE,0.564
BTN,1996,Bhutan,NONE,0.576
BTN,1997,Bhutan,NONE,0.588
BTN,1998,Bhutan,NONE,0.601
BTN,1999,Bhutan,NONE,0.615
BTN,2000,Bhutan,NONE,0.629
BTN,2001,Bhutan,NONE,0.643
BTN,2002,Bhutan,NONE,0.657
BTN,2003,Bhutan,NONE,0.671
BTN,2004,Bhutan,NONE,0.684
BTN,2005,Bhutan,0.52,0.697
BTN,2006,Bhutan,0.526,0.708
BTN,2007,Bhutan,0.542,0.719
BTN,2008,Bhutan,0.551,0.728
BTN,2009,Bhutan,0.561,0.737
BTN,2010,Bhutan,0.574,0.744
BTN,2011,Bhutan,0.585,0.751
BTN,2012,Bhutan,0.597,0.758
BTN,2013,Bhutan,0.61,0.764
BTN,2014,Bhutan,0.618,0.77
BTN,2015,Bhutan,0.628,0.776
BTN,2016,Bhutan,0.637,0.781
BTN,2017,Bhutan,0.646,0.787
BTN,2018,Bhutan,0.649,0.792
BTN,2019,Bhutan,0.65,0.79

BWA,1990,Botswana,0.573,0.603
BWA,1991,Botswana,0.579,0.588
BWA,1992,Botswana,0.577,0.573
BWA,1993,Botswana,0.576,0.557
BWA,1994,Botswana,0.57,0.543
BWA,1995,Botswana,0.576,0.529
BWA,1996,Botswana,0.575,0.516
BWA,1997,Botswana,0.577,0.504
BWA,1998,Botswana,0.58,0.491
BWA,1999,Botswana,0.582,0.48
BWA,2000,Botswana,0.581,0.471
BWA,2001,Botswana,0.582,0.466
BWA,2002,Botswana,0.579,0.465
BWA,2003,Botswana,0.586,0.47
BWA,2004,Botswana,0.592,0.479
BWA,2005,Botswana,0.601,0.494
BWA,2006,Botswana,0.615,0.514
BWA,2007,Botswana,0.628,0.538
BWA,2008,Botswana,0.641,0.564
BWA,2009,Botswana,0.65,0.591
BWA,2010,Botswana,0.663,0.619
BWA,2011,Botswana,0.677,0.645
BWA,2012,Botswana,0.689,0.669
BWA,2013,Botswana,0.701,0.692
BWA,2014,Botswana,0.711,0.712
BWA,2015,Botswana,0.717,0.728
BWA,2016,Botswana,0.72,0.741
BWA,2017,Botswana,0.726,0.751
BWA,2018,Botswana,0.73,0.758
BWA,2019,Botswana,0.73,0.76

CAF,1990,Central African Republic,0.334,0.448
CAF,1991,Central African Republic,0.328,0.442
CAF,1992,Central African Republic,0.315,0.435
CAF,1993,Central African Republic,0.315,0.427
CAF,1994,Central African Republic,0.317,0.418
CAF,1995,Central African Republic,0.319,0.408
CAF,1996,Central African Republic,0.315,0.399
CAF,1997,Central African Republic,0.318,0.39
CAF,1998,Central African Republic,0.32,0.382
CAF,1999,Central African Republic,0.323,0.376
CAF,2000,Central African Republic,0.325,0.372
CAF,2001,Central African Republic,0.327,0.37
CAF,2002,Central African Republic,0.328,0.37
CAF,2003,Central African Republic,0.328,0.372
CAF,2004,Central African Republic,0.331,0.376
CAF,2005,Central African Republic,0.336,0.381
CAF,2006,Central African Republic,0.342,0.387
CAF,2007,Central African Republic,0.347,0.394
CAF,2008,Central African Republic,0.352,0.402
CAF,2009,Central African Republic,0.356,0.411
CAF,2010,Central African Republic,0.365,0.42
CAF,2011,Central African Republic,0.374,0.43
CAF,2012,Central African Republic,0.381,0.441
CAF,2013,Central African Republic,0.363,0.452
CAF,2014,Central African Republic,0.368,0.464
CAF,2015,Central African Republic,0.375,0.475
CAF,2016,Central African Republic,0.382,0.486
CAF,2017,Central African Republic,0.391,0.496
CAF,2018,Central African Republic,0.395,0.505
CAF,2019,Central African Republic,0.39,0.51

CAN,1990,Canada,0.85,0.882
CAN,1991,Canada,0.854,0.884
CAN,1992,Canada,0.857,0.887
CAN,1993,Canada,0.855,0.89
CAN,1994,Canada,0.859,0.892
CAN,1995,Canada,0.862,0.895
CAN,1996,Canada,0.864,0.897
CAN,1997,Canada,0.863,0.9
CAN,1998,Canada,0.861,0.903
CAN,1999,Canada,0.864,0.906
CAN,2000,Canada,0.867,0.91
CAN,2001,Canada,0.871,0.913
CAN,2002,Canada,0.877,0.916
CAN,2003,Canada,0.882,0.92
CAN,2004,Canada,0.888,0.923
CAN,2005,Canada,0.894,0.927
CAN,2006,Canada,0.898,0.93
CAN,2007,Canada,0.896,0.933
CAN,2008,Canada,0.898,0.937
CAN,2009,Canada,0.898,0.94
CAN,2010,Canada,0.901,0.943
CAN,2011,Canada,0.903,0.946
CAN,2012,Canada,0.906,0.949
CAN,2013,Canada,0.913,0.951
CAN,2014,Canada,0.918,0.953
CAN,2015,Canada,0.921,0.954
CAN,2016,Canada,0.923,0.956
CAN,2017,Canada,0.926,0.957
CAN,2018,Canada,0.928,0.959
CAN,2019,Canada,0.92,0.96

CHE,1990,Switzerland,0.84,0.886
CHE,1991,Switzerland,0.842,0.888
CHE,1992,Switzerland,0.845,0.891
CHE,1993,Switzerland,0.849,0.894
CHE,1994,Switzerland,0.852,0.897
CHE,1995,Switzerland,0.856,0.901
CHE,1996,Switzerland,0.863,0.905
CHE,1997,Switzerland,0.872,0.909
CHE,1998,Switzerland,0.882,0.913
CHE,1999,Switzerland,0.889,0.917
CHE,2000,Switzerland,0.898,0.921
CHE,2001,Switzerland,0.9,0.925
CHE,2002,Switzerland,0.899,0.929
CHE,2003,Switzerland,0.905,0.933
CHE,2004,Switzerland,0.909,0.937
CHE,2005,Switzerland,0.914,0.941
CHE,2006,Switzerland,0.92,0.945
CHE,2007,Switzerland,0.923,0.948
CHE,2008,Switzerland,0.925,0.952
CHE,2009,Switzerland,0.935,0.955
CHE,2010,Switzerland,0.941,0.958
CHE,2011,Switzerland,0.941,0.961
CHE,2012,Switzerland,0.944,0.963
CHE,2013,Switzerland,0.946,0.966
CHE,2014,Switzerland,0.942,0.969
CHE,2015,Switzerland,0.947,0.971
CHE,2016,Switzerland,0.947,0.974
CHE,2017,Switzerland,0.949,0.977
CHE,2018,Switzerland,0.955,0.979
CHE,2019,Switzerland,0.95,0.981

CHL,1990,Chile,0.706,0.823
CHL,1991,Chile,0.715,0.828
CHL,1992,Chile,0.722,0.832
CHL,1993,Chile,0.715,0.837
CHL,1994,Chile,0.72,0.841
CHL,1995,Chile,0.728,0.845
CHL,1996,Chile,0.735,0.85
CHL,1997,Chile,0.742,0.854
CHL,1998,Chile,0.743,0.859
CHL,1999,Chile,0.75,0.863
CHL,2000,Chile,0.756,0.867
CHL,2001,Chile,0.767,0.871
CHL,2002,Chile,0.769,0.875
CHL,2003,Chile,0.776,0.879
CHL,2004,Chile,0.785,0.883
CHL,2005,Chile,0.791,0.887
CHL,2006,Chile,0.791,0.89
CHL,2007,Chile,0.804,0.894
CHL,2008,Chile,0.814,0.897
CHL,2009,Chile,0.822,0.901
CHL,2010,Chile,0.803,0.904
CHL,2011,Chile,0.815,0.907
CHL,2012,Chile,0.821,0.91
CHL,2013,Chile,0.826,0.913
CHL,2014,Chile,0.837,0.915
CHL,2015,Chile,0.842,0.918
CHL,2016,Chile,0.845,0.92
CHL,2017,Chile,0.847,0.922
CHL,2018,Chile,0.849,0.924
CHL,2019,Chile,0.851,0.926

CHN,1990,China,0.499,0.756
CHN,1991,China,0.507,0.758
CHN,1992,China,0.517,0.759
CHN,1993,China,0.527,0.761
CHN,1994,China,0.534,0.764
CHN,1995,China,0.545,0.767
CHN,1996,China,0.554,0.771
CHN,1997,China,0.563,0.776
CHN,1998,China,0.571,0.781
CHN,1999,China,0.579,0.786
CHN,2000,China,0.588,0.791
CHN,2001,China,0.596,0.796
CHN,2002,China,0.606,0.801
CHN,2003,China,0.618,0.806
CHN,2004,China,0.628,0.811
CHN,2005,China,0.64,0.815
CHN,2006,China,0.653,0.82
CHN,2007,China,0.667,0.824
CHN,2008,China,0.678,0.828
CHN,2009,China,0.687,0.833
CHN,2010,China,0.699,0.837
CHN,2011,China,0.707,0.842
CHN,2012,China,0.716,0.846
CHN,2013,China,0.724,0.851
CHN,2014,China,0.731,0.856
CHN,2015,China,0.739,0.86
CHN,2016,China,0.746,0.865
CHN,2017,China,0.75,0.869
CHN,2018,China,0.755,0.872
CHN,2019,China,0.761,0.876

CIV,1990,Cote d'Ivoire,0.404,0.512
CIV,1991,Cote d'Ivoire,0.404,0.509
CIV,1992,Cote d'Ivoire,0.405,0.504
CIV,1993,Cote d'Ivoire,0.406,0.499
CIV,1994,Cote d'Ivoire,0.407,0.493
CIV,1995,Cote d'Ivoire,0.409,0.486
CIV,1996,Cote d'Ivoire,0.412,0.479
CIV,1997,Cote d'Ivoire,0.415,0.472
CIV,1998,Cote d'Ivoire,0.414,0.465
CIV,1999,Cote d'Ivoire,0.419,0.46
CIV,2000,Cote d'Ivoire,0.421,0.456
CIV,2001,Cote d'Ivoire,0.424,0.454
CIV,2002,Cote d'Ivoire,0.426,0.453
CIV,2003,Cote d'Ivoire,0.429,0.455
CIV,2004,Cote d'Ivoire,0.433,0.458
CIV,2005,Cote d'Ivoire,0.438,0.463
CIV,2006,Cote d'Ivoire,0.443,0.47
CIV,2007,Cote d'Ivoire,0.449,0.478
CIV,2008,Cote d'Ivoire,0.455,0.487
CIV,2009,Cote d'Ivoire,0.462,0.497
CIV,2010,Cote d'Ivoire,0.468,0.507
CIV,2011,Cote d'Ivoire,0.472,0.517
CIV,2012,Cote d'Ivoire,0.482,0.527
CIV,2013,Cote d'Ivoire,0.49,0.537
CIV,2014,Cote d'Ivoire,0.492,0.546
CIV,2015,Cote d'Ivoire,0.503,0.555
CIV,2016,Cote d'Ivoire,0.513,0.563
CIV,2017,Cote d'Ivoire,0.525,0.569
CIV,2018,Cote d'Ivoire,0.534,0.576
CIV,2019,Cote d'Ivoire,0.538,0.581

CMR,1990,Cameroon,0.448,0.513
CMR,1991,Cameroon,0.445,0.509
CMR,1992,Cameroon,0.441,0.504
CMR,1993,Cameroon,0.435,0.498
CMR,1994,Cameroon,0.433,0.491
CMR,1995,Cameroon,0.432,0.485
CMR,1996,Cameroon,0.431,0.481
CMR,1997,Cameroon,0.432,0.477
CMR,1998,Cameroon,0.434,0.475
CMR,1999,Cameroon,0.436,0.475
CMR,2000,Cameroon,0.44,0.477
CMR,2001,Cameroon,0.456,0.48
CMR,2002,Cameroon,0.458,0.485
CMR,2003,Cameroon,0.464,0.491
CMR,2004,Cameroon,0.469,0.497
CMR,2005,Cameroon,0.47,0.504
CMR,2006,Cameroon,0.471,0.511
CMR,2007,Cameroon,0.482,0.518
CMR,2008,Cameroon,0.49,0.525
CMR,2009,Cameroon,0.498,0.533
CMR,2010,Cameroon,0.505,0.54
CMR,2011,Cameroon,0.514,0.547
CMR,2012,Cameroon,0.525,0.555
CMR,2013,Cameroon,0.534,0.563
CMR,2014,Cameroon,0.54,0.571
CMR,2015,Cameroon,0.549,0.578
CMR,2016,Cameroon,0.553,0.586
CMR,2017,Cameroon,0.557,0.592
CMR,2018,Cameroon,0.56,0.599
CMR,2019,Cameroon,0.563,0.604

COD,1990,Congo (Democratic Republic of the),0.369,0.447
COD,1991,Congo (Democratic Republic of the),0.366,0.45
COD,1992,Congo (Democratic Republic of the),0.361,0.451
COD,1993,Congo (Democratic Republic of the),0.355,0.451
COD,1994,Congo (Democratic Republic of the),0.349,0.45
COD,1995,Congo (Democratic Republic of the),0.347,0.448
COD,1996,Congo (Democratic Republic of the),0.351,0.447
COD,1997,Congo (Democratic Republic of the),0.349,0.447
COD,1998,Congo (Democratic Republic of the),0.349,0.45
COD,1999,Congo (Democratic Republic of the),0.347,0.455
COD,2000,Congo (Democratic Republic of the),0.349,0.462
COD,2001,Congo (Democratic Republic of the),0.35,0.472
COD,2002,Congo (Democratic Republic of the),0.358,0.483
COD,2003,Congo (Democratic Republic of the),0.366,0.495
COD,2004,Congo (Democratic Republic of the),0.374,0.506
COD,2005,Congo (Democratic Republic of the),0.381,0.518
COD,2006,Congo (Democratic Republic of the),0.389,0.529
COD,2007,Congo (Democratic Republic of the),0.4,0.54
COD,2008,Congo (Democratic Republic of the),0.412,0.55
COD,2009,Congo (Democratic Republic of the),0.419,0.559
COD,2010,Congo (Democratic Republic of the),0.435,0.568
COD,2011,Congo (Democratic Republic of the),0.438,0.576
COD,2012,Congo (Democratic Republic of the),0.442,0.583
COD,2013,Congo (Democratic Republic of the),0.448,0.59
COD,2014,Congo (Democratic Republic of the),0.46,0.597
COD,2015,Congo (Democratic Republic of the),0.464,0.604
COD,2016,Congo (Democratic Republic of the),0.471,0.61
COD,2017,Congo (Democratic Republic of the),0.475,0.616
COD,2018,Congo (Democratic Republic of the),0.478,0.621
COD,2019,Congo (Democratic Republic of the),0.48,0.62

COG,1990,Congo,0.5,0.533
COG,1991,Congo,0.499,0.527
COG,1992,Congo,0.499,0.521
COG,1993,Congo,0.493,0.514
COG,1994,Congo,0.489,0.507
COG,1995,Congo,0.471,0.501
COG,1996,Congo,0.47,0.496
COG,1997,Congo,0.474,0.493
COG,1998,Congo,0.48,0.491
COG,1999,Congo,0.467,0.491
COG,2000,Congo,0.461,0.494
COG,2001,Congo,0.468,0.5
COG,2002,Congo,0.471,0.509
COG,2003,Congo,0.471,0.52
COG,2004,Congo,0.473,0.533
COG,2005,Congo,0.469,0.548
COG,2006,Congo,0.47,0.563
COG,2007,Congo,0.486,0.578
COG,2008,Congo,0.501,0.592
COG,2009,Congo,0.514,0.605
COG,2010,Congo,0.52,0.617
COG,2011,Congo,0.522,0.627
COG,2012,Congo,0.535,0.637
COG,2013,Congo,0.545,0.646
COG,2014,Congo,0.56,0.655
COG,2015,Congo,0.58,0.663
COG,2016,Congo,0.578,0.67
COG,2017,Congo,0.574,0.676
COG,2018,Congo,0.573,0.681
COG,2019,Congo,0.57,0.68

COL,1990,Colombia,0.603,0.765
COL,1991,Colombia,0.606,0.768
COL,1992,Colombia,0.617,0.772
COL,1993,Colombia,0.624,0.776
COL,1994,Colombia,0.631,0.781
COL,1995,Colombia,0.637,0.786
COL,1996,Colombia,0.647,0.792
COL,1997,Colombia,0.655,0.798
COL,1998,Colombia,0.662,0.804
COL,1999,Colombia,0.662,0.81
COL,2000,Colombia,0.666,0.815
COL,2001,Colombia,0.668,0.819
COL,2002,Colombia,0.671,0.823
COL,2003,Colombia,0.67,0.827
COL,2004,Colombia,0.684,0.831
COL,2005,Colombia,0.689,0.835
COL,2006,Colombia,0.698,0.838
COL,2007,Colombia,0.711,0.842
COL,2008,Colombia,0.718,0.846
COL,2009,Colombia,0.72,0.849
COL,2010,Colombia,0.729,0.853
COL,2011,Colombia,0.734,0.856
COL,2012,Colombia,0.739,0.86
COL,2013,Colombia,0.742,0.863
COL,2014,Colombia,0.753,0.866
COL,2015,Colombia,0.756,0.87
COL,2016,Colombia,0.76,0.873
COL,2017,Colombia,0.763,0.876
COL,2018,Colombia,0.764,0.879
COL,2019,Colombia,0.76,0.88

COM,1990,Comoros,NONE,0.564
COM,1991,Comoros,NONE,0.572
COM,1992,Comoros,NONE,0.579
COM,1993,Comoros,NONE,0.585
COM,1994,Comoros,NONE,0.591
COM,1995,Comoros,NONE,0.596
COM,1996,Comoros,NONE,0.6
COM,1997,Comoros,NONE,0.602
COM,1998,Comoros,NONE,0.605
COM,1999,Comoros,NONE,0.606
COM,2000,Comoros,0.465,0.607
COM,2001,Comoros,0.47,0.608
COM,2002,Comoros,0.475,0.609
COM,2003,Comoros,0.481,0.611
COM,2004,Comoros,0.483,0.614
COM,2005,Comoros,0.489,0.617
COM,2006,Comoros,0.495,0.622
COM,2007,Comoros,0.501,0.627
COM,2008,Comoros,0.508,0.632
COM,2009,Comoros,0.514,0.638
COM,2010,Comoros,0.521,0.644
COM,2011,Comoros,0.533,0.65
COM,2012,Comoros,0.538,0.655
COM,2013,Comoros,0.542,0.66
COM,2014,Comoros,0.543,0.665
COM,2015,Comoros,0.545,0.669
COM,2016,Comoros,0.547,0.672
COM,2017,Comoros,0.55,0.676
COM,2018,Comoros,0.552,0.679
COM,2019,Comoros,0.55,0.68

CPV,1990,Cabo Verde,NONE,0.687
CPV,1991,Cabo Verde,NONE,0.692
CPV,1992,Cabo Verde,NONE,0.697
CPV,1993,Cabo Verde,NONE,0.702
CPV,1994,Cabo Verde,NONE,0.706
CPV,1995,Cabo Verde,NONE,0.711
CPV,1996,Cabo Verde,NONE,0.717
CPV,1997,Cabo Verde,NONE,0.723
CPV,1998,Cabo Verde,NONE,0.731
CPV,1999,Cabo Verde,NONE,0.739
CPV,2000,Cabo Verde,0.569,0.747
CPV,2001,Cabo Verde,0.573,0.755
CPV,2002,Cabo Verde,0.583,0.762
CPV,2003,Cabo Verde,0.588,0.768
CPV,2004,Cabo Verde,0.59,0.773
CPV,2005,Cabo Verde,0.596,0.776
CPV,2006,Cabo Verde,0.611,0.778
CPV,2007,Cabo Verde,0.617,0.78
CPV,2008,Cabo Verde,0.625,0.781
CPV,2009,Cabo Verde,0.63,0.783
CPV,2010,Cabo Verde,0.632,0.786
CPV,2011,Cabo Verde,0.639,0.788
CPV,2012,Cabo Verde,0.644,0.791
CPV,2013,Cabo Verde,0.647,0.795
CPV,2014,Cabo Verde,0.654,0.798
CPV,2015,Cabo Verde,0.656,0.802
CPV,2016,Cabo Verde,0.657,0.805
CPV,2017,Cabo Verde,0.66,0.809
CPV,2018,Cabo Verde,0.663,0.812
CPV,2019,Cabo Verde,0.66,0.81

CRI,1990,Costa Rica,0.665,0.856
CRI,1991,Costa Rica,0.672,0.859
CRI,1992,Costa Rica,0.68,0.862
CRI,1993,Costa Rica,0.687,0.865
CRI,1994,Costa Rica,0.692,0.868
CRI,1995,Costa Rica,0.697,0.87
CRI,1996,Costa Rica,0.701,0.873
CRI,1997,Costa Rica,0.707,0.876
CRI,1998,Costa Rica,0.713,0.879
CRI,1999,Costa Rica,0.717,0.881
CRI,2000,Costa Rica,0.721,0.884
CRI,2001,Costa Rica,0.725,0.886
CRI,2002,Costa Rica,0.728,0.888
CRI,2003,Costa Rica,0.731,0.89
CRI,2004,Costa Rica,0.735,0.892
CRI,2005,Costa Rica,0.738,0.894
CRI,2006,Costa Rica,0.745,0.896
CRI,2007,Costa Rica,0.753,0.898
CRI,2008,Costa Rica,0.761,0.9
CRI,2009,Costa Rica,0.762,0.902
CRI,2010,Costa Rica,0.765,0.904
CRI,2011,Costa Rica,0.778,0.906
CRI,2012,Costa Rica,0.783,0.909
CRI,2013,Costa Rica,0.788,0.911
CRI,2014,Costa Rica,0.796,0.914
CRI,2015,Costa Rica,0.797,0.916
CRI,2016,Costa Rica,0.801,0.919
CRI,2017,Costa Rica,0.804,0.922
CRI,2018,Costa Rica,0.808,0.925
CRI,2019,Costa Rica,0.81,0.92

CUB,1990,Cuba,0.68,0.841
CUB,1991,Cuba,0.674,0.841
CUB,1992,Cuba,0.667,0.843
CUB,1993,Cuba,0.66,0.845
CUB,1994,Cuba,0.656,0.849
CUB,1995,Cuba,0.659,0.852
CUB,1996,Cuba,0.669,0.857
CUB,1997,Cuba,0.673,0.861
CUB,1998,Cuba,0.677,0.865
CUB,1999,Cuba,0.684,0.869
CUB,2000,Cuba,0.691,0.872
CUB,2001,Cuba,0.696,0.875
CUB,2002,Cuba,0.698,0.879
CUB,2003,Cuba,0.708,0.882
CUB,2004,Cuba,0.722,0.885
CUB,2005,Cuba,0.734,0.888
CUB,2006,Cuba,0.756,0.89
CUB,2007,Cuba,0.772,0.893
CUB,2008,Cuba,0.783,0.895
CUB,2009,Cuba,0.785,0.896
CUB,2010,Cuba,0.781,0.898
CUB,2011,Cuba,0.78,0.898
CUB,2012,Cuba,0.769,0.899
CUB,2013,Cuba,0.766,0.9
CUB,2014,Cuba,0.767,0.9
CUB,2015,Cuba,0.772,0.901
CUB,2016,Cuba,0.773,0.902
CUB,2017,Cuba,0.777,0.902
CUB,2018,Cuba,0.781,0.903
CUB,2019,Cuba,0.78,0.90

CYP,1990,Cyprus,0.735,0.87
CYP,1991,Cyprus,0.738,0.872
CYP,1992,Cyprus,0.742,0.875
CYP,1993,Cyprus,0.779,0.877
CYP,1994,Cyprus,0.784,0.879
CYP,1995,Cyprus,0.788,0.882
CYP,1996,Cyprus,0.791,0.884
CYP,1997,Cyprus,0.794,0.886
CYP,1998,Cyprus,0.803,0.888
CYP,1999,Cyprus,0.802,0.89
CYP,2000,Cyprus,0.804,0.892
CYP,2001,Cyprus,0.81,0.894
CYP,2002,Cyprus,0.819,0.896
CYP,2003,Cyprus,0.828,0.898
CYP,2004,Cyprus,0.831,0.9
CYP,2005,Cyprus,0.836,0.902
CYP,2006,Cyprus,0.842,0.904
CYP,2007,Cyprus,0.849,0.906
CYP,2008,Cyprus,0.858,0.909
CYP,2009,Cyprus,0.862,0.911
CYP,2010,Cyprus,0.856,0.914
CYP,2011,Cyprus,0.86,0.917
CYP,2012,Cyprus,0.859,0.92
CYP,2013,Cyprus,0.86,0.923
CYP,2014,Cyprus,0.862,0.926
CYP,2015,Cyprus,0.865,0.928
CYP,2016,Cyprus,0.873,0.931
CYP,2017,Cyprus,0.878,0.933
CYP,2018,Cyprus,0.885,0.936
CYP,2019,Cyprus,0.88,0.93

CZE,1990,Czechia,0.738,0.798
CZE,1991,Czechia,0.733,0.802
CZE,1992,Czechia,0.736,0.806
CZE,1993,Czechia,0.743,0.81
CZE,1994,Czechia,0.752,0.815
CZE,1995,Czechia,0.761,0.821
CZE,1996,Czechia,0.776,0.826
CZE,1997,Czechia,0.782,0.831
CZE,1998,Czechia,0.783,0.836
CZE,1999,Czechia,0.793,0.84
CZE,2000,Czechia,0.804,0.845
CZE,2001,Czechia,0.814,0.849
CZE,2002,Czechia,0.821,0.853
CZE,2003,Czechia,0.83,0.857
CZE,2004,Czechia,0.834,0.861
CZE,2005,Czechia,0.843,0.866
CZE,2006,Czechia,0.852,0.87
CZE,2007,Czechia,0.858,0.874
CZE,2008,Czechia,0.863,0.879
CZE,2009,Czechia,0.866,0.883
CZE,2010,Czechia,0.87,0.886
CZE,2011,Czechia,0.874,0.89
CZE,2012,Czechia,0.874,0.893
CZE,2013,Czechia,0.882,0.897
CZE,2014,Czechia,0.888,0.9
CZE,2015,Czechia,0.891,0.903
CZE,2016,Czechia,0.893,0.906
CZE,2017,Czechia,0.896,0.909
CZE,2018,Czechia,0.898,0.911
CZE,2019,Czechia,0.9,0.9

DEU,1990,Germany,0.808,0.854
DEU,1991,Germany,0.816,0.857
DEU,1992,Germany,0.821,0.86
DEU,1993,Germany,0.831,0.864
DEU,1994,Germany,0.837,0.867
DEU,1995,Germany,0.842,0.871
DEU,1996,Germany,0.846,0.875
DEU,1997,Germany,0.851,0.879
DEU,1998,Germany,0.86,0.884
DEU,1999,Germany,0.868,0.888
DEU,2000,Germany,0.876,0.892
DEU,2001,Germany,0.884,0.896
DEU,2002,Germany,0.89,0.9
DEU,2003,Germany,0.896,0.904
DEU,2004,Germany,0.907,0.908
DEU,2005,Germany,0.908,0.911
DEU,2006,Germany,0.918,0.914
DEU,2007,Germany,0.921,0.917
DEU,2008,Germany,0.924,0.92
DEU,2009,Germany,0.924,0.923
DEU,2010,Germany,0.927,0.925
DEU,2011,Germany,0.933,0.927
DEU,2012,Germany,0.934,0.929
DEU,2013,Germany,0.935,0.931
DEU,2014,Germany,0.937,0.933
DEU,2015,Germany,0.938,0.935
DEU,2016,Germany,0.941,0.937
DEU,2017,Germany,0.943,0.939
DEU,2018,Germany,0.946,0.941
DEU,2019,Germany,0.9,0.944

DJI,1990,Djibouti,NONE,0.564
DJI,1991,Djibouti,NONE,0.567
DJI,1992,Djibouti,NONE,0.568
DJI,1993,Djibouti,NONE,0.569
DJI,1994,Djibouti,NONE,0.57
DJI,1995,Djibouti,0.351,0.57
DJI,1996,Djibouti,0.349,0.57
DJI,1997,Djibouti,0.354,0.57
DJI,1998,Djibouti,0.355,0.569
DJI,1999,Djibouti,0.359,0.569
DJI,2000,Djibouti,0.36,0.57
DJI,2001,Djibouti,0.369,0.571
DJI,2002,Djibouti,0.375,0.573
DJI,2003,Djibouti,0.385,0.576
DJI,2004,Djibouti,0.393,0.58
DJI,2005,Djibouti,0.402,0.584
DJI,2006,Djibouti,0.413,0.59
DJI,2007,Djibouti,0.423,0.596
DJI,2008,Djibouti,0.432,0.602
DJI,2009,Djibouti,0.442,0.609
DJI,2010,Djibouti,0.454,0.616
DJI,2011,Djibouti,0.463,0.626
DJI,2012,Djibouti,0.474,0.637
DJI,2013,Djibouti,0.484,0.65
DJI,2014,Djibouti,0.492,0.664
DJI,2015,Djibouti,0.499,0.679
DJI,2016,Djibouti,0.505,0.693
DJI,2017,Djibouti,0.51,0.706
DJI,2018,Djibouti,0.518,0.717
DJI,2019,Djibouti,0.524,0.725

DMA,1990,Dominica,NONE,0.856
DMA,1991,Dominica,NONE,0.86
DMA,1992,Dominica,NONE,0.863
DMA,1993,Dominica,NONE,0.865
DMA,1994,Dominica,NONE,0.866
DMA,1995,Dominica,NONE,0.866
DMA,1996,Dominica,NONE,0.866
DMA,1997,Dominica,NONE,0.866
DMA,1998,Dominica,NONE,0.867
DMA,1999,Dominica,NONE,0.868
DMA,2000,Dominica,0.703,0.869
DMA,2001,Dominica,0.707,0.87
DMA,2002,Dominica,0.707,0.872
DMA,2003,Dominica,0.712,0.873
DMA,2004,Dominica,0.714,0.875
DMA,2005,Dominica,0.715,0.876
DMA,2006,Dominica,0.721,0.877
DMA,2007,Dominica,0.725,0.879
DMA,2008,Dominica,0.73,0.88
DMA,2009,Dominica,0.731,0.881
DMA,2010,Dominica,0.74,0.883
DMA,2011,Dominica,0.741,0.884
DMA,2012,Dominica,0.739,0.886
DMA,2013,Dominica,0.739,0.887
DMA,2014,Dominica,0.741,0.889
DMA,2015,Dominica,0.739,0.89
DMA,2016,Dominica,0.74,0.891
DMA,2017,Dominica,0.736,0.893
DMA,2018,Dominica,0.738,0.894
DMA,2019,Dominica,0.742,0.896

DNK,1990,Denmark,0.806,0.845
DNK,1991,Denmark,0.811,0.847
DNK,1992,Denmark,0.815,0.849
DNK,1993,Denmark,0.822,0.851
DNK,1994,Denmark,0.831,0.853
DNK,1995,Denmark,0.837,0.856
DNK,1996,Denmark,0.844,0.859
DNK,1997,Denmark,0.85,0.862
DNK,1998,Denmark,0.856,0.865
DNK,1999,Denmark,0.868,0.869
DNK,2000,Denmark,0.87,0.872
DNK,2001,Denmark,0.883,0.876
DNK,2002,Denmark,0.89,0.88
DNK,2003,Denmark,0.901,0.884
DNK,2004,Denmark,0.905,0.887
DNK,2005,Denmark,0.91,0.891
DNK,2006,Denmark,0.912,0.895
DNK,2007,Denmark,0.911,0.9
DNK,2008,Denmark,0.917,0.905
DNK,2009,Denmark,0.914,0.909
DNK,2010,Denmark,0.917,0.914
DNK,2011,Denmark,0.93,0.919
DNK,2012,Denmark,0.931,0.922
DNK,2013,Denmark,0.933,0.926
DNK,2014,Denmark,0.935,0.928
DNK,2015,Denmark,0.933,0.93
DNK,2016,Denmark,0.935,0.932
DNK,2017,Denmark,0.936,0.934
DNK,2018,Denmark,0.939,0.935
DNK,2019,Denmark,0.94,0.937

DOM,1990,Dominican Republic,0.599,0.717
DOM,1991,Dominican Republic,0.603,0.722
DOM,1992,Dominican Republic,0.612,0.727
DOM,1993,Dominican Republic,0.619,0.732
DOM,1994,Dominican Republic,0.624,0.737
DOM,1995,Dominican Republic,0.63,0.741
DOM,1996,Dominican Republic,0.636,0.745
DOM,1997,Dominican Republic,0.643,0.749
DOM,1998,Dominican Republic,0.648,0.753
DOM,1999,Dominican Republic,0.654,0.757
DOM,2000,Dominican Republic,0.659,0.76
DOM,2001,Dominican Republic,0.663,0.764
DOM,2002,Dominican Republic,0.668,0.769
DOM,2003,Dominican Republic,0.669,0.773
DOM,2004,Dominican Republic,0.672,0.777
DOM,2005,Dominican Republic,0.681,0.781
DOM,2006,Dominican Republic,0.688,0.785
DOM,2007,Dominican Republic,0.694,0.789
DOM,2008,Dominican Republic,0.698,0.793
DOM,2009,Dominican Republic,0.7,0.797
DOM,2010,Dominican Republic,0.706,0.801
DOM,2011,Dominican Republic,0.71,0.804
DOM,2012,Dominican Republic,0.714,0.808
DOM,2013,Dominican Republic,0.718,0.812
DOM,2014,Dominican Republic,0.73,0.815
DOM,2015,Dominican Republic,0.738,0.819
DOM,2016,Dominican Republic,0.743,0.823
DOM,2017,Dominican Republic,0.746,0.826
DOM,2018,Dominican Republic,0.751,0.829
DOM,2019,Dominican Republic,0.756,0.832

DZA,1990,Algeria,0.572,0.722
DZA,1991,Algeria,0.576,0.727
DZA,1992,Algeria,0.582,0.732
DZA,1993,Algeria,0.586,0.737
DZA,1994,Algeria,0.59,0.741
DZA,1995,Algeria,0.595,0.747
DZA,1996,Algeria,0.602,0.753
DZA,1997,Algeria,0.611,0.759
DZA,1998,Algeria,0.621,0.765
DZA,1999,Algeria,0.629,0.772
DZA,2000,Algeria,0.637,0.779
DZA,2001,Algeria,0.647,0.786
DZA,2002,Algeria,0.657,0.794
DZA,2003,Algeria,0.667,0.802
DZA,2004,Algeria,0.677,0.809
DZA,2005,Algeria,0.685,0.816
DZA,2006,Algeria,0.69,0.823
DZA,2007,Algeria,0.7,0.83
DZA,2008,Algeria,0.702,0.836
DZA,2009,Algeria,0.711,0.841
DZA,2010,Algeria,0.721,0.845
DZA,2011,Algeria,0.728,0.849
DZA,2012,Algeria,0.728,0.853
DZA,2013,Algeria,0.729,0.856
DZA,2014,Algeria,0.736,0.86
DZA,2015,Algeria,0.74,0.863
DZA,2016,Algeria,0.743,0.866
DZA,2017,Algeria,0.745,0.869
DZA,2018,Algeria,0.746,0.872
DZA,2019,Algeria,0.748,0.875

ECU,1990,Ecuador,0.648,0.752
ECU,1991,Ecuador,0.65,0.759
ECU,1992,Ecuador,0.654,0.766
ECU,1993,Ecuador,0.658,0.772
ECU,1994,Ecuador,0.663,0.778
ECU,1995,Ecuador,0.666,0.784
ECU,1996,Ecuador,0.668,0.79
ECU,1997,Ecuador,0.672,0.796
ECU,1998,Ecuador,0.675,0.801
ECU,1999,Ecuador,0.673,0.807
ECU,2000,Ecuador,0.675,0.812
ECU,2001,Ecuador,0.68,0.817
ECU,2002,Ecuador,0.684,0.821
ECU,2003,Ecuador,0.687,0.825
ECU,2004,Ecuador,0.693,0.829
ECU,2005,Ecuador,0.698,0.832
ECU,2006,Ecuador,0.701,0.836
ECU,2007,Ecuador,0.71,0.839
ECU,2008,Ecuador,0.717,0.842
ECU,2009,Ecuador,0.719,0.845
ECU,2010,Ecuador,0.726,0.848
ECU,2011,Ecuador,0.732,0.851
ECU,2012,Ecuador,0.751,0.854
ECU,2013,Ecuador,0.754,0.857
ECU,2014,Ecuador,0.756,0.86
ECU,2015,Ecuador,0.764,0.864
ECU,2016,Ecuador,0.758,0.867
ECU,2017,Ecuador,0.76,0.871
ECU,2018,Ecuador,0.762,0.874
ECU,2019,Ecuador,0.759,0.877

EGY,1990,Egypt,0.548,0.686
EGY,1991,Egypt,0.552,0.692
EGY,1992,Egypt,0.559,0.698
EGY,1993,Egypt,0.564,0.705
EGY,1994,Egypt,0.571,0.712
EGY,1995,Egypt,0.578,0.72
EGY,1996,Egypt,0.585,0.727
EGY,1997,Egypt,0.592,0.734
EGY,1998,Egypt,0.594,0.739
EGY,1999,Egypt,0.607,0.744
EGY,2000,Egypt,0.613,0.748
EGY,2001,Egypt,0.618,0.751
EGY,2002,Egypt,0.622,0.753
EGY,2003,Egypt,0.625,0.756
EGY,2004,Egypt,0.631,0.758
EGY,2005,Egypt,0.637,0.761
EGY,2006,Egypt,0.645,0.763
EGY,2007,Egypt,0.653,0.766
EGY,2008,Egypt,0.66,0.769
EGY,2009,Egypt,0.662,0.772
EGY,2010,Egypt,0.668,0.775
EGY,2011,Egypt,0.671,0.778
EGY,2012,Egypt,0.677,0.781
EGY,2013,Egypt,0.683,0.784
EGY,2014,Egypt,0.685,0.786
EGY,2015,Egypt,0.691,0.789
EGY,2016,Egypt,0.696,0.792
EGY,2017,Egypt,0.698,0.795
EGY,2018,Egypt,0.701,0.797
EGY,2019,Egypt,0.707,0.8

ERI,1990,Eritrea,NONE,0.455
ERI,1991,Eritrea,NONE,0.462
ERI,1992,Eritrea,NONE,0.47
ERI,1993,Eritrea,NONE,0.478
ERI,1994,Eritrea,NONE,0.488
ERI,1995,Eritrea,NONE,0.497
ERI,1996,Eritrea,NONE,0.507
ERI,1997,Eritrea,NONE,0.516
ERI,1998,Eritrea,NONE,0.525
ERI,1999,Eritrea,NONE,0.534
ERI,2000,Eritrea,NONE,0.543
ERI,2001,Eritrea,NONE,0.552
ERI,2002,Eritrea,NONE,0.562
ERI,2003,Eritrea,NONE,0.572
ERI,2004,Eritrea,NONE,0.584
ERI,2005,Eritrea,0.427,0.595
ERI,2006,Eritrea,0.428,0.607
ERI,2007,Eritrea,0.43,0.619
ERI,2008,Eritrea,0.426,0.63
ERI,2009,Eritrea,0.436,0.64
ERI,2010,Eritrea,0.436,0.649
ERI,2011,Eritrea,0.436,0.657
ERI,2012,Eritrea,0.441,0.665
ERI,2013,Eritrea,0.446,0.673
ERI,2014,Eritrea,0.457,0.68
ERI,2015,Eritrea,0.454,0.687
ERI,2016,Eritrea,0.456,0.694
ERI,2017,Eritrea,0.454,0.701
ERI,2018,Eritrea,0.456,0.707
ERI,2019,Eritrea,0.459,0.713

ESP,1990,Spain,0.761,0.88
ESP,1991,Spain,0.77,0.883
ESP,1992,Spain,0.779,0.885
ESP,1993,Spain,0.789,0.888
ESP,1994,Spain,0.798,0.892
ESP,1995,Spain,0.807,0.895
ESP,1996,Spain,0.813,0.899
ESP,1997,Spain,0.817,0.902
ESP,1998,Spain,0.821,0.906
ESP,1999,Spain,0.826,0.909
ESP,2000,Spain,0.832,0.913
ESP,2001,Spain,0.835,0.916
ESP,2002,Spain,0.837,0.92
ESP,2003,Spain,0.84,0.924
ESP,2004,Spain,0.844,0.928
ESP,2005,Spain,0.851,0.932
ESP,2006,Spain,0.856,0.936
ESP,2007,Spain,0.86,0.94
ESP,2008,Spain,0.863,0.944
ESP,2009,Spain,0.865,0.948
ESP,2010,Spain,0.872,0.952
ESP,2011,Spain,0.878,0.956
ESP,2012,Spain,0.881,0.96
ESP,2013,Spain,0.882,0.963
ESP,2014,Spain,0.888,0.966
ESP,2015,Spain,0.895,0.969
ESP,2016,Spain,0.899,0.971
ESP,2017,Spain,0.903,0.974
ESP,2018,Spain,0.905,0.976
ESP,2019,Spain,0.904,0.978

EST,1990,Estonia,0.735,0.76
EST,1991,Estonia,0.73,0.755
EST,1992,Estonia,0.722,0.751
EST,1993,Estonia,0.715,0.748
EST,1994,Estonia,0.72,0.747
EST,1995,Estonia,0.729,0.749
EST,1996,Estonia,0.74,0.752
EST,1997,Estonia,0.754,0.757
EST,1998,Estonia,0.766,0.763
EST,1999,Estonia,0.773,0.769
EST,2000,Estonia,0.787,0.776
EST,2001,Estonia,0.797,0.782
EST,2002,Estonia,0.805,0.789
EST,2003,Estonia,0.813,0.796
EST,2004,Estonia,0.821,0.803
EST,2005,Estonia,0.832,0.81
EST,2006,Estonia,0.839,0.817
EST,2007,Estonia,0.846,0.825
EST,2008,Estonia,0.848,0.833
EST,2009,Estonia,0.846,0.842
EST,2010,Estonia,0.852,0.851
EST,2011,Estonia,0.86,0.86
EST,2012,Estonia,0.865,0.868
EST,2013,Estonia,0.869,0.876
EST,2014,Estonia,0.871,0.883
EST,2015,Estonia,0.877,0.889
EST,2016,Estonia,0.881,0.894
EST,2017,Estonia,0.885,0.898
EST,2018,Estonia,0.889,0.901
EST,2019,Estonia,0.892,0.904

ETH,1990,Ethiopia,NONE,0.417
ETH,1991,Ethiopia,NONE,0.423
ETH,1992,Ethiopia,NONE,0.429
ETH,1993,Ethiopia,NONE,0.436
ETH,1994,Ethiopia,NONE,0.443
ETH,1995,Ethiopia,NONE,0.451
ETH,1996,Ethiopia,NONE,0.459
ETH,1997,Ethiopia,NONE,0.466
ETH,1998,Ethiopia,NONE,0.474
ETH,1999,Ethiopia,NONE,0.483
ETH,2000,Ethiopia,0.292,0.491
ETH,2001,Ethiopia,0.306,0.501
ETH,2002,Ethiopia,0.315,0.513
ETH,2003,Ethiopia,0.319,0.526
ETH,2004,Ethiopia,0.334,0.541
ETH,2005,Ethiopia,0.355,0.557
ETH,2006,Ethiopia,0.371,0.574
ETH,2007,Ethiopia,0.386,0.592
ETH,2008,Ethiopia,0.403,0.609
ETH,2009,Ethiopia,0.411,0.625
ETH,2010,Ethiopia,0.421,0.64
ETH,2011,Ethiopia,0.432,0.654
ETH,2012,Ethiopia,0.438,0.666
ETH,2013,Ethiopia,0.447,0.676
ETH,2014,Ethiopia,0.455,0.685
ETH,2015,Ethiopia,0.462,0.693
ETH,2016,Ethiopia,0.467,0.7
ETH,2017,Ethiopia,0.474,0.706
ETH,2018,Ethiopia,0.478,0.711
ETH,2019,Ethiopia,0.485,0.717

FIN,1990,Finland,0.79,0.85
FIN,1991,Finland,0.793,0.853
FIN,1992,Finland,0.801,0.857
FIN,1993,Finland,0.805,0.861
FIN,1994,Finland,0.815,0.865
FIN,1995,Finland,0.823,0.869
FIN,1996,Finland,0.83,0.873
FIN,1997,Finland,0.838,0.877
FIN,1998,Finland,0.846,0.881
FIN,1999,Finland,0.854,0.885
FIN,2000,Finland,0.864,0.889
FIN,2001,Finland,0.871,0.893
FIN,2002,Finland,0.874,0.896
FIN,2003,Finland,0.877,0.9
FIN,2004,Finland,0.904,0.904
FIN,2005,Finland,0.908,0.907
FIN,2006,Finland,0.912,0.911
FIN,2007,Finland,0.915,0.914
FIN,2008,Finland,0.917,0.918
FIN,2009,Finland,0.912,0.922
FIN,2010,Finland,0.916,0.925
FIN,2011,Finland,0.92,0.929
FIN,2012,Finland,0.921,0.932
FIN,2013,Finland,0.928,0.935
FIN,2014,Finland,0.928,0.938
FIN,2015,Finland,0.93,0.941
FIN,2016,Finland,0.932,0.944
FIN,2017,Finland,0.935,0.947
FIN,2018,Finland,0.937,0.95
FIN,2019,Finland,0.938,0.952

FJI,1990,Fiji,0.662,0.698
FJI,1991,Fiji,0.669,0.697
FJI,1992,Fiji,0.672,0.697
FJI,1993,Fiji,0.675,0.696
FJI,1994,Fiji,0.68,0.695
FJI,1995,Fiji,0.686,0.695
FJI,1996,Fiji,0.688,0.695
FJI,1997,Fiji,0.687,0.696
FJI,1998,Fiji,0.687,0.698
FJI,1999,Fiji,0.692,0.7
FJI,2000,Fiji,0.695,0.703
FJI,2001,Fiji,0.698,0.706
FJI,2002,Fiji,0.7,0.708
FJI,2003,Fiji,0.702,0.71
FJI,2004,Fiji,0.709,0.711
FJI,2005,Fiji,0.705,0.713
FJI,2006,Fiji,0.708,0.713
FJI,2007,Fiji,0.711,0.714
FJI,2008,Fiji,0.712,0.715
FJI,2009,Fiji,0.715,0.716
FJI,2010,Fiji,0.715,0.718
FJI,2011,Fiji,0.719,0.719
FJI,2012,Fiji,0.722,0.721
FJI,2013,Fiji,0.728,0.722
FJI,2014,Fiji,0.733,0.724
FJI,2015,Fiji,0.737,0.725
FJI,2016,Fiji,0.738,0.726
FJI,2017,Fiji,0.74,0.727
FJI,2018,Fiji,0.742,0.728
FJI,2019,Fiji,0.743,0.73

FRA,1990,France,0.786,0.873
FRA,1991,France,0.796,0.877
FRA,1992,France,0.804,0.88
FRA,1993,France,0.81,0.884
FRA,1994,France,0.825,0.887
FRA,1995,France,0.832,0.891
FRA,1996,France,0.837,0.894
FRA,1997,France,0.841,0.898
FRA,1998,France,0.845,0.901
FRA,1999,France,0.851,0.904
FRA,2000,France,0.849,0.908
FRA,2001,France,0.851,0.911
FRA,2002,France,0.852,0.915
FRA,2003,France,0.855,0.919
FRA,2004,France,0.858,0.923
FRA,2005,France,0.867,0.928
FRA,2006,France,0.871,0.932
FRA,2007,France,0.874,0.936
FRA,2008,France,0.875,0.939
FRA,2009,France,0.876,0.943
FRA,2010,France,0.879,0.946
FRA,2011,France,0.882,0.949
FRA,2012,France,0.885,0.952
FRA,2013,France,0.889,0.954
FRA,2014,France,0.893,0.956
FRA,2015,France,0.895,0.957
FRA,2016,France,0.894,0.959
FRA,2017,France,0.897,0.96
FRA,2018,France,0.898,0.962
FRA,2019,France,0.901,0.964

FSM,1990,Micronesia (Federated States of),NONE,0.671
FSM,1991,Micronesia (Federated States of),NONE,0.673
FSM,1992,Micronesia (Federated States of),NONE,0.674
FSM,1993,Micronesia (Federated States of),NONE,0.675
FSM,1994,Micronesia (Federated States of),NONE,0.677
FSM,1995,Micronesia (Federated States of),NONE,0.678
FSM,1996,Micronesia (Federated States of),NONE,0.679
FSM,1997,Micronesia (Federated States of),NONE,0.68
FSM,1998,Micronesia (Federated States of),NONE,0.682
FSM,1999,Micronesia (Federated States of),NONE,0.683
FSM,2000,Micronesia (Federated States of),0.546,0.685
FSM,2001,Micronesia (Federated States of),0.553,0.688
FSM,2002,Micronesia (Federated States of),0.559,0.691
FSM,2003,Micronesia (Federated States of),0.565,0.694
FSM,2004,Micronesia (Federated States of),0.57,0.697
FSM,2005,Micronesia (Federated States of),0.577,0.7
FSM,2006,Micronesia (Federated States of),0.583,0.703
FSM,2007,Micronesia (Federated States of),0.589,0.706
FSM,2008,Micronesia (Federated States of),0.593,0.709
FSM,2009,Micronesia (Federated States of),0.596,0.712
FSM,2010,Micronesia (Federated States of),0.601,0.715
FSM,2011,Micronesia (Federated States of),0.604,0.718
FSM,2012,Micronesia (Federated States of),0.605,0.72
FSM,2013,Micronesia (Federated States of),0.605,0.723
FSM,2014,Micronesia (Federated States of),0.604,0.725
FSM,2015,Micronesia (Federated States of),0.612,0.728
FSM,2016,Micronesia (Federated States of),0.614,0.73
FSM,2017,Micronesia (Federated States of),0.616,0.733
FSM,2018,Micronesia (Federated States of),0.618,0.735
FSM,2019,Micronesia (Federated States of),0.62,0.737

GAB,1990,Gabon,0.613,0.63
GAB,1991,Gabon,0.618,0.63
GAB,1992,Gabon,0.617,0.628
GAB,1993,Gabon,0.619,0.626
GAB,1994,Gabon,0.622,0.622
GAB,1995,Gabon,0.624,0.618
GAB,1996,Gabon,0.626,0.613
GAB,1997,Gabon,0.628,0.607
GAB,1998,Gabon,0.63,0.601
GAB,1999,Gabon,0.625,0.595
GAB,2000,Gabon,0.621,0.589
GAB,2001,Gabon,0.624,0.584
GAB,2002,Gabon,0.626,0.581
GAB,2003,Gabon,0.627,0.581
GAB,2004,Gabon,0.626,0.583
GAB,2005,Gabon,0.632,0.587
GAB,2006,Gabon,0.632,0.594
GAB,2007,Gabon,0.637,0.604
GAB,2008,Gabon,0.639,0.614
GAB,2009,Gabon,0.646,0.625
GAB,2010,Gabon,0.652,0.637
GAB,2011,Gabon,0.657,0.649
GAB,2012,Gabon,0.666,0.66
GAB,2013,Gabon,0.673,0.672
GAB,2014,Gabon,0.682,0.682
GAB,2015,Gabon,0.685,0.691
GAB,2016,Gabon,0.69,0.699
GAB,2017,Gabon,0.694,0.705
GAB,2018,Gabon,0.697,0.711
GAB,2019,Gabon,0.703,0.715

GBR,1990,United Kingdom,0.781,0.857
GBR,1991,United Kingdom,0.794,0.86
GBR,1992,United Kingdom,0.807,0.863
GBR,1993,United Kingdom,0.82,0.866
GBR,1994,United Kingdom,0.833,0.869
GBR,1995,United Kingdom,0.846,0.872
GBR,1996,United Kingdom,0.851,0.875
GBR,1997,United Kingdom,0.856,0.878
GBR,1998,United Kingdom,0.862,0.882
GBR,1999,United Kingdom,0.868,0.885
GBR,2000,United Kingdom,0.874,0.889
GBR,2001,United Kingdom,0.878,0.892
GBR,2002,United Kingdom,0.881,0.896
GBR,2003,United Kingdom,0.885,0.9
GBR,2004,United Kingdom,0.892,0.904
GBR,2005,United Kingdom,0.897,0.908
GBR,2006,United Kingdom,0.896,0.913
GBR,2007,United Kingdom,0.899,0.917
GBR,2008,United Kingdom,0.903,0.921
GBR,2009,United Kingdom,0.906,0.925
GBR,2010,United Kingdom,0.912,0.928
GBR,2011,United Kingdom,0.906,0.932
GBR,2012,United Kingdom,0.904,0.934
GBR,2013,United Kingdom,0.921,0.937
GBR,2014,United Kingdom,0.925,0.938
GBR,2015,United Kingdom,0.923,0.939
GBR,2016,United Kingdom,0.924,0.94
GBR,2017,United Kingdom,0.926,0.941
GBR,2018,United Kingdom,0.928,0.942
GBR,2019,United Kingdom,0.932,0.943

GEO,1990,Georgia,NONE,0.775
GEO,1991,Georgia,NONE,0.774
GEO,1992,Georgia,NONE,0.772
GEO,1993,Georgia,NONE,0.769
GEO,1994,Georgia,NONE,0.767
GEO,1995,Georgia,NONE,0.765
GEO,1996,Georgia,NONE,0.764
GEO,1997,Georgia,NONE,0.763
GEO,1998,Georgia,NONE,0.764
GEO,1999,Georgia,NONE,0.765
GEO,2000,Georgia,0.69,0.768
GEO,2001,Georgia,0.694,0.77
GEO,2002,Georgia,0.699,0.773
GEO,2003,Georgia,0.708,0.775
GEO,2004,Georgia,0.715,0.776
GEO,2005,Georgia,0.725,0.778
GEO,2006,Georgia,0.731,0.779
GEO,2007,Georgia,0.743,0.781
GEO,2008,Georgia,0.742,0.784
GEO,2009,Georgia,0.746,0.787
GEO,2010,Georgia,0.751,0.792
GEO,2011,Georgia,0.757,0.797
GEO,2012,Georgia,0.767,0.801
GEO,2013,Georgia,0.775,0.806
GEO,2014,Georgia,0.783,0.811
GEO,2015,Georgia,0.79,0.815
GEO,2016,Georgia,0.792,0.819
GEO,2017,Georgia,0.799,0.822
GEO,2018,Georgia,0.805,0.825
GEO,2019,Georgia,0.812,0.827

GHA,1990,Ghana,0.465,0.566
GHA,1991,Ghana,0.47,0.572
GHA,1992,Ghana,0.474,0.576
GHA,1993,Ghana,0.478,0.579
GHA,1994,Ghana,0.48,0.579
GHA,1995,Ghana,0.483,0.577
GHA,1996,Ghana,0.484,0.575
GHA,1997,Ghana,0.486,0.572
GHA,1998,Ghana,0.487,0.57
GHA,1999,Ghana,0.489,0.569
GHA,2000,Ghana,0.494,0.569
GHA,2001,Ghana,0.493,0.572
GHA,2002,Ghana,0.499,0.576
GHA,2003,Ghana,0.5,0.581
GHA,2004,Ghana,0.509,0.588
GHA,2005,Ghana,0.52,0.596
GHA,2006,Ghana,0.529,0.604
GHA,2007,Ghana,0.541,0.611
GHA,2008,Ghana,0.553,0.619
GHA,2009,Ghana,0.558,0.625
GHA,2010,Ghana,0.565,0.631
GHA,2011,Ghana,0.574,0.637
GHA,2012,Ghana,0.577,0.642
GHA,2013,Ghana,0.586,0.647
GHA,2014,Ghana,0.59,0.653
GHA,2015,Ghana,0.59,0.658
GHA,2016,Ghana,0.598,0.663
GHA,2017,Ghana,0.602,0.669
GHA,2018,Ghana,0.606,0.674
GHA,2019,Ghana,0.611,0.678

GIN,1990,Guinea,0.282,0.461
GIN,1991,Guinea,0.287,0.471
GIN,1992,Guinea,0.291,0.478
GIN,1993,Guinea,0.296,0.483
GIN,1994,Guinea,0.301,0.487
GIN,1995,Guinea,0.306,0.488
GIN,1996,Guinea,0.31,0.488
GIN,1997,Guinea,0.318,0.486
GIN,1998,Guinea,0.326,0.484
GIN,1999,Guinea,0.333,0.481
GIN,2000,Guinea,0.34,0.48
GIN,2001,Guinea,0.347,0.481
GIN,2002,Guinea,0.356,0.484
GIN,2003,Guinea,0.347,0.491
GIN,2004,Guinea,0.372,0.5
GIN,2005,Guinea,0.383,0.511
GIN,2006,Guinea,0.392,0.524
GIN,2007,Guinea,0.4,0.536
GIN,2008,Guinea,0.408,0.548
GIN,2009,Guinea,0.408,0.558
GIN,2010,Guinea,0.416,0.567
GIN,2011,Guinea,0.429,0.575
GIN,2012,Guinea,0.439,0.583
GIN,2013,Guinea,0.445,0.591
GIN,2014,Guinea,0.452,0.6
GIN,2015,Guinea,0.457,0.609
GIN,2016,Guinea,0.465,0.618
GIN,2017,Guinea,0.471,0.626
GIN,2018,Guinea,0.473,0.634
GIN,2019,Guinea,0.477,0.64

GMB,1990,Gambia,0.349,0.496
GMB,1991,Gambia,0.354,0.5
GMB,1992,Gambia,0.358,0.505
GMB,1993,Gambia,0.362,0.51
GMB,1994,Gambia,0.366,0.516
GMB,1995,Gambia,0.37,0.521
GMB,1996,Gambia,0.377,0.528
GMB,1997,Gambia,0.382,0.534
GMB,1998,Gambia,0.388,0.541
GMB,1999,Gambia,0.396,0.547
GMB,2000,Gambia,0.403,0.553
GMB,2001,Gambia,0.411,0.559
GMB,2002,Gambia,0.415,0.566
GMB,2003,Gambia,0.422,0.572
GMB,2004,Gambia,0.431,0.578
GMB,2005,Gambia,0.435,0.584
GMB,2006,Gambia,0.44,0.589
GMB,2007,Gambia,0.446,0.595
GMB,2008,Gambia,0.453,0.6
GMB,2009,Gambia,0.456,0.605
GMB,2010,Gambia,0.459,0.61
GMB,2011,Gambia,0.455,0.614
GMB,2012,Gambia,0.461,0.618
GMB,2013,Gambia,0.467,0.622
GMB,2014,Gambia,0.468,0.626
GMB,2015,Gambia,0.471,0.629
GMB,2016,Gambia,0.475,0.633
GMB,2017,Gambia,0.48,0.638
GMB,2018,Gambia,0.487,0.642
GMB,2019,Gambia,0.496,0.647

GNB,1990,Guinea-Bissau,NONE,0.417
GNB,1991,Guinea-Bissau,NONE,0.422
GNB,1992,Guinea-Bissau,NONE,0.427
GNB,1993,Guinea-Bissau,NONE,0.431
GNB,1994,Guinea-Bissau,NONE,0.436
GNB,1995,Guinea-Bissau,NONE,0.441
GNB,1996,Guinea-Bissau,NONE,0.446
GNB,1997,Guinea-Bissau,NONE,0.451
GNB,1998,Guinea-Bissau,NONE,0.456
GNB,1999,Guinea-Bissau,NONE,0.462
GNB,2000,Guinea-Bissau,NONE,0.467
GNB,2001,Guinea-Bissau,NONE,0.473
GNB,2002,Guinea-Bissau,NONE,0.479
GNB,2003,Guinea-Bissau,NONE,0.485
GNB,2004,Guinea-Bissau,NONE,0.491
GNB,2005,Guinea-Bissau,0.403,0.497
GNB,2006,Guinea-Bissau,0.411,0.503
GNB,2007,Guinea-Bissau,0.417,0.51
GNB,2008,Guinea-Bissau,0.424,0.517
GNB,2009,Guinea-Bissau,0.43,0.525
GNB,2010,Guinea-Bissau,0.436,0.533
GNB,2011,Guinea-Bissau,0.445,0.541
GNB,2012,Guinea-Bissau,0.448,0.548
GNB,2013,Guinea-Bissau,0.452,0.556
GNB,2014,Guinea-Bissau,0.459,0.562
GNB,2015,Guinea-Bissau,0.464,0.569
GNB,2016,Guinea-Bissau,0.468,0.574
GNB,2017,Guinea-Bissau,0.47,0.58
GNB,2018,Guinea-Bissau,0.472,0.585
GNB,2019,Guinea-Bissau,0.48,0.59

GNQ,1990,Equatorial Guinea,NONE,0.443
GNQ,1991,Equatorial Guinea,NONE,0.45
GNQ,1992,Equatorial Guinea,NONE,0.457
GNQ,1993,Equatorial Guinea,NONE,0.465
GNQ,1994,Equatorial Guinea,NONE,0.472
GNQ,1995,Equatorial Guinea,NONE,0.48
GNQ,1996,Equatorial Guinea,NONE,0.487
GNQ,1997,Equatorial Guinea,NONE,0.494
GNQ,1998,Equatorial Guinea,NONE,0.501
GNQ,1999,Equatorial Guinea,NONE,0.507
GNQ,2000,Equatorial Guinea,0.525,0.512
GNQ,2001,Equatorial Guinea,0.534,0.517
GNQ,2002,Equatorial Guinea,0.546,0.521
GNQ,2003,Equatorial Guinea,0.547,0.524
GNQ,2004,Equatorial Guinea,0.554,0.527
GNQ,2005,Equatorial Guinea,0.565,0.53
GNQ,2006,Equatorial Guinea,0.576,0.533
GNQ,2007,Equatorial Guinea,0.582,0.536
GNQ,2008,Equatorial Guinea,0.583,0.54
GNQ,2009,Equatorial Guinea,0.585,0.544
GNQ,2010,Equatorial Guinea,0.576,0.548
GNQ,2011,Equatorial Guinea,0.58,0.553
GNQ,2012,Equatorial Guinea,0.584,0.558
GNQ,2013,Equatorial Guinea,0.585,0.564
GNQ,2014,Equatorial Guinea,0.586,0.569
GNQ,2015,Equatorial Guinea,0.589,0.575
GNQ,2016,Equatorial Guinea,0.588,0.58
GNQ,2017,Equatorial Guinea,0.584,0.586
GNQ,2018,Equatorial Guinea,0.582,0.591
GNQ,2019,Equatorial Guinea,0.592,0.596

GRC,1990,Greece,0.761,0.87
GRC,1991,Greece,0.77,0.875
GRC,1992,Greece,0.771,0.879
GRC,1993,Greece,0.77,0.883
GRC,1994,Greece,0.774,0.886
GRC,1995,Greece,0.776,0.889
GRC,1996,Greece,0.78,0.891
GRC,1997,Greece,0.785,0.893
GRC,1998,Greece,0.795,0.896
GRC,1999,Greece,0.797,0.898
GRC,2000,Greece,0.804,0.901
GRC,2001,Greece,0.814,0.904
GRC,2002,Greece,0.826,0.908
GRC,2003,Greece,0.833,0.911
GRC,2004,Greece,0.843,0.914
GRC,2005,Greece,0.853,0.916
GRC,2006,Greece,0.859,0.919
GRC,2007,Greece,0.857,0.922
GRC,2008,Greece,0.865,0.925
GRC,2009,Greece,0.867,0.928
GRC,2010,Greece,0.865,0.931
GRC,2011,Greece,0.862,0.935
GRC,2012,Greece,0.865,0.938
GRC,2013,Greece,0.867,0.941
GRC,2014,Greece,0.875,0.944
GRC,2015,Greece,0.877,0.947
GRC,2016,Greece,0.874,0.95
GRC,2017,Greece,0.879,0.952
GRC,2018,Greece,0.881,0.955
GRC,2019,Greece,0.888,0.958

GRD,1990,Grenada,NONE,0.763
GRD,1991,Grenada,NONE,0.768
GRD,1992,Grenada,NONE,0.774
GRD,1993,Grenada,NONE,0.779
GRD,1994,Grenada,NONE,0.785
GRD,1995,Grenada,NONE,0.79
GRD,1996,Grenada,NONE,0.795
GRD,1997,Grenada,NONE,0.799
GRD,1998,Grenada,NONE,0.803
GRD,1999,Grenada,NONE,0.807
GRD,2000,Grenada,NONE,0.81
GRD,2001,Grenada,NONE,0.812
GRD,2002,Grenada,0.721,0.814
GRD,2003,Grenada,0.729,0.816
GRD,2004,Grenada,0.731,0.817
GRD,2005,Grenada,0.744,0.817
GRD,2006,Grenada,0.745,0.817
GRD,2007,Grenada,0.75,0.817
GRD,2008,Grenada,0.753,0.816
GRD,2009,Grenada,0.75,0.815
GRD,2010,Grenada,0.754,0.813
GRD,2011,Grenada,0.756,0.812
GRD,2012,Grenada,0.757,0.81
GRD,2013,Grenada,0.76,0.809
GRD,2014,Grenada,0.766,0.808
GRD,2015,Grenada,0.77,0.807
GRD,2016,Grenada,0.771,0.806
GRD,2017,Grenada,0.77,0.806
GRD,2018,Grenada,0.773,0.806
GRD,2019,Grenada,0.779,0.806

GTM,1990,Guatemala,0.481,0.65
GTM,1991,Guatemala,0.487,0.658
GTM,1992,Guatemala,0.493,0.667
GTM,1993,Guatemala,0.499,0.676
GTM,1994,Guatemala,0.504,0.685
GTM,1995,Guatemala,0.511,0.694
GTM,1996,Guatemala,0.518,0.703
GTM,1997,Guatemala,0.526,0.712
GTM,1998,Guatemala,0.534,0.72
GTM,1999,Guatemala,0.542,0.728
GTM,2000,Guatemala,0.549,0.736
GTM,2001,Guatemala,0.557,0.743
GTM,2002,Guatemala,0.563,0.749
GTM,2003,Guatemala,0.567,0.755
GTM,2004,Guatemala,0.571,0.761
GTM,2005,Guatemala,0.574,0.766
GTM,2006,Guatemala,0.583,0.77
GTM,2007,Guatemala,0.592,0.776
GTM,2008,Guatemala,0.597,0.781
GTM,2009,Guatemala,0.601,0.786
GTM,2010,Guatemala,0.606,0.792
GTM,2011,Guatemala,0.612,0.798
GTM,2012,Guatemala,0.618,0.804
GTM,2013,Guatemala,0.621,0.809
GTM,2014,Guatemala,0.648,0.814
GTM,2015,Guatemala,0.652,0.819
GTM,2016,Guatemala,0.653,0.824
GTM,2017,Guatemala,0.655,0.828
GTM,2018,Guatemala,0.657,0.832
GTM,2019,Guatemala,0.663,0.835

GUY,1990,Guyana,0.548,0.666
GUY,1991,Guyana,0.544,0.668
GUY,1992,Guyana,0.559,0.67
GUY,1993,Guyana,0.572,0.673
GUY,1994,Guyana,0.582,0.675
GUY,1995,Guyana,0.588,0.678
GUY,1996,Guyana,0.598,0.681
GUY,1997,Guyana,0.603,0.684
GUY,1998,Guyana,0.607,0.688
GUY,1999,Guyana,0.611,0.692
GUY,2000,Guyana,0.616,0.696
GUY,2001,Guyana,0.619,0.7
GUY,2002,Guyana,0.622,0.705
GUY,2003,Guyana,0.618,0.71
GUY,2004,Guyana,0.625,0.714
GUY,2005,Guyana,0.629,0.718
GUY,2006,Guyana,0.63,0.723
GUY,2007,Guyana,0.634,0.727
GUY,2008,Guyana,0.638,0.731
GUY,2009,Guyana,0.641,0.735
GUY,2010,Guyana,0.649,0.739
GUY,2011,Guyana,0.658,0.743
GUY,2012,Guyana,0.662,0.747
GUY,2013,Guyana,0.666,0.751
GUY,2014,Guyana,0.671,0.755
GUY,2015,Guyana,0.674,0.758
GUY,2016,Guyana,0.676,0.761
GUY,2017,Guyana,0.677,0.763
GUY,2018,Guyana,0.68,0.766
GUY,2019,Guyana,0.682,0.768

HKG,1990,Hong Kong China,0.784,0.884
HKG,1991,Hong Kong China,0.789,0.888
HKG,1992,Hong Kong China,0.794,0.892
HKG,1993,Hong Kong China,0.802,0.896
HKG,1994,Hong Kong China,0.807,0.902
HKG,1995,Hong Kong China,0.811,0.907
HKG,1996,Hong Kong China,0.814,0.913
HKG,1997,Hong Kong China,0.819,0.919
HKG,1998,Hong Kong China,0.82,0.925
HKG,1999,Hong Kong China,0.824,0.93
HKG,2000,Hong Kong China,0.83,0.935
HKG,2001,Hong Kong China,0.838,0.939
HKG,2002,Hong Kong China,0.845,0.943
HKG,2003,Hong Kong China,0.854,0.947
HKG,2004,Hong Kong China,0.865,0.95
HKG,2005,Hong Kong China,0.874,0.953
HKG,2006,Hong Kong China,0.886,0.956
HKG,2007,Hong Kong China,0.89,0.959
HKG,2008,Hong Kong China,0.899,0.962
HKG,2009,Hong Kong China,0.901,0.965
HKG,2010,Hong Kong China,0.904,0.968
HKG,2011,Hong Kong China,0.907,0.971
HKG,2012,Hong Kong China,0.914,0.974
HKG,2013,Hong Kong China,0.918,0.978
HKG,2014,Hong Kong China,0.926,0.982
HKG,2015,Hong Kong China,0.93,0.985
HKG,2016,Hong Kong China,0.936,0.989
HKG,2017,Hong Kong China,0.941,0.992
HKG,2018,Hong Kong China,0.946,0.995
HKG,2019,Hong Kong China,0.949,0.998

HND,1990,Honduras,0.519,0.719
HND,1991,Honduras,0.518,0.726
HND,1992,Honduras,0.523,0.732
HND,1993,Honduras,0.53,0.739
HND,1994,Honduras,0.534,0.745
HND,1995,Honduras,0.54,0.752
HND,1996,Honduras,0.545,0.758
HND,1997,Honduras,0.551,0.764
HND,1998,Honduras,0.556,0.77
HND,1999,Honduras,0.56,0.775
HND,2000,Honduras,0.566,0.78
HND,2001,Honduras,0.57,0.784
HND,2002,Honduras,0.575,0.788
HND,2003,Honduras,0.58,0.792
HND,2004,Honduras,0.586,0.796
HND,2005,Honduras,0.593,0.8
HND,2006,Honduras,0.599,0.804
HND,2007,Honduras,0.607,0.808
HND,2008,Honduras,0.603,0.812
HND,2009,Honduras,0.605,0.816
HND,2010,Honduras,0.61,0.82
HND,2011,Honduras,0.613,0.824
HND,2012,Honduras,0.612,0.828
HND,2013,Honduras,0.613,0.832
HND,2014,Honduras,0.616,0.835
HND,2015,Honduras,0.618,0.838
HND,2016,Honduras,0.626,0.842
HND,2017,Honduras,0.63,0.845
HND,2018,Honduras,0.633,0.848
HND,2019,Honduras,0.634,0.85

HRV,1990,Croatia,0.677,0.805
HRV,1991,Croatia,0.672,0.808
HRV,1992,Croatia,0.672,0.812
HRV,1993,Croatia,0.674,0.817
HRV,1994,Croatia,0.688,0.821
HRV,1995,Croatia,0.703,0.827
HRV,1996,Croatia,0.715,0.831
HRV,1997,Croatia,0.727,0.836
HRV,1998,Croatia,0.738,0.839
HRV,1999,Croatia,0.747,0.841
HRV,2000,Croatia,0.757,0.843
HRV,2001,Croatia,0.768,0.844
HRV,2002,Croatia,0.774,0.846
HRV,2003,Croatia,0.78,0.848
HRV,2004,Croatia,0.786,0.85
HRV,2005,Croatia,0.792,0.853
HRV,2006,Croatia,0.798,0.857
HRV,2007,Croatia,0.808,0.861
HRV,2008,Croatia,0.813,0.865
HRV,2009,Croatia,0.812,0.87
HRV,2010,Croatia,0.815,0.874
HRV,2011,Croatia,0.823,0.878
HRV,2012,Croatia,0.825,0.882
HRV,2013,Croatia,0.83,0.885
HRV,2014,Croatia,0.835,0.888
HRV,2015,Croatia,0.84,0.891
HRV,2016,Croatia,0.841,0.893
HRV,2017,Croatia,0.845,0.895
HRV,2018,Croatia,0.848,0.898
HRV,2019,Croatia,0.851,0.9

HTI,1990,Haiti,0.414,0.527
HTI,1991,Haiti,0.418,0.532
HTI,1992,Haiti,0.418,0.537
HTI,1993,Haiti,0.418,0.542
HTI,1994,Haiti,0.415,0.547
HTI,1995,Haiti,0.423,0.551
HTI,1996,Haiti,0.428,0.556
HTI,1997,Haiti,0.432,0.56
HTI,1998,Haiti,0.435,0.564
HTI,1999,Haiti,0.439,0.568
HTI,2000,Haiti,0.442,0.571
HTI,2001,Haiti,0.444,0.575
HTI,2002,Haiti,0.446,0.579
HTI,2003,Haiti,0.449,0.584
HTI,2004,Haiti,0.45,0.589
HTI,2005,Haiti,0.453,0.595
HTI,2006,Haiti,0.458,0.6
HTI,2007,Haiti,0.463,0.606
HTI,2008,Haiti,0.466,0.612
HTI,2009,Haiti,0.47,0.618
HTI,2010,Haiti,0.471,0.623
HTI,2011,Haiti,0.478,0.629
HTI,2012,Haiti,0.482,0.635
HTI,2013,Haiti,0.487,0.641
HTI,2014,Haiti,0.492,0.647
HTI,2015,Haiti,0.496,0.654
HTI,2016,Haiti,0.5,0.66
HTI,2017,Haiti,0.505,0.666
HTI,2018,Haiti,0.508,0.672
HTI,2019,Haiti,0.51,0.677

HUN,1990,Hungary,0.708,0.759
HUN,1991,Hungary,0.706,0.759
HUN,1992,Hungary,0.711,0.761
HUN,1993,Hungary,0.724,0.763
HUN,1994,Hungary,0.737,0.766
HUN,1995,Hungary,0.746,0.77
HUN,1996,Hungary,0.75,0.774
HUN,1997,Hungary,0.751,0.78
HUN,1998,Hungary,0.758,0.785
HUN,1999,Hungary,0.765,0.79
HUN,2000,Hungary,0.772,0.796
HUN,2001,Hungary,0.781,0.801
HUN,2002,Hungary,0.788,0.805
HUN,2003,Hungary,0.797,0.81
HUN,2004,Hungary,0.799,0.814
HUN,2005,Hungary,0.805,0.818
HUN,2006,Hungary,0.815,0.821
HUN,2007,Hungary,0.818,0.825
HUN,2008,Hungary,0.822,0.829
HUN,2009,Hungary,0.828,0.834
HUN,2010,Hungary,0.831,0.838
HUN,2011,Hungary,0.828,0.843
HUN,2012,Hungary,0.831,0.848
HUN,2013,Hungary,0.839,0.853
HUN,2014,Hungary,0.838,0.857
HUN,2015,Hungary,0.842,0.862
HUN,2016,Hungary,0.844,0.866
HUN,2017,Hungary,0.846,0.869
HUN,2018,Hungary,0.85,0.872
HUN,2019,Hungary,0.854,0.875

IDN,1990,Indonesia,0.523,0.651
IDN,1991,Indonesia,0.529,0.657
IDN,1992,Indonesia,0.534,0.664
IDN,1993,Indonesia,0.541,0.67
IDN,1994,Indonesia,0.55,0.676
IDN,1995,Indonesia,0.56,0.681
IDN,1996,Indonesia,0.573,0.687
IDN,1997,Indonesia,0.587,0.692
IDN,1998,Indonesia,0.586,0.696
IDN,1999,Indonesia,0.594,0.7
IDN,2000,Indonesia,0.603,0.704
IDN,2001,Indonesia,0.609,0.708
IDN,2002,Indonesia,0.615,0.713
IDN,2003,Indonesia,0.622,0.717
IDN,2004,Indonesia,0.628,0.723
IDN,2005,Indonesia,0.632,0.728
IDN,2006,Indonesia,0.642,0.734
IDN,2007,Indonesia,0.643,0.74
IDN,2008,Indonesia,0.647,0.746
IDN,2009,Indonesia,0.658,0.752
IDN,2010,Indonesia,0.665,0.757
IDN,2011,Indonesia,0.673,0.762
IDN,2012,Indonesia,0.681,0.767
IDN,2013,Indonesia,0.687,0.772
IDN,2014,Indonesia,0.69,0.777
IDN,2015,Indonesia,0.695,0.781
IDN,2016,Indonesia,0.703,0.785
IDN,2017,Indonesia,0.707,0.789
IDN,2018,Indonesia,0.712,0.792
IDN,2019,Indonesia,0.718,0.796

IND,1990,India,0.429,0.583
IND,1991,India,0.433,0.59
IND,1992,India,0.44,0.598
IND,1993,India,0.446,0.605
IND,1994,India,0.453,0.613
IND,1995,India,0.461,0.62
IND,1996,India,0.468,0.627
IND,1997,India,0.474,0.634
IND,1998,India,0.481,0.641
IND,1999,India,0.489,0.648
IND,2000,India,0.495,0.654
IND,2001,India,0.499,0.66
IND,2002,India,0.506,0.666
IND,2003,India,0.518,0.672
IND,2004,India,0.527,0.678
IND,2005,India,0.536,0.685
IND,2006,India,0.546,0.691
IND,2007,India,0.555,0.698
IND,2008,India,0.563,0.705
IND,2009,India,0.569,0.711
IND,2010,India,0.579,0.718
IND,2011,India,0.588,0.725
IND,2012,India,0.597,0.731
IND,2013,India,0.604,0.737
IND,2014,India,0.616,0.743
IND,2015,India,0.624,0.748
IND,2016,India,0.63,0.752
IND,2017,India,0.64,0.756
IND,2018,India,0.642,0.76
IND,2019,India,0.645,0.764

IRL,1990,Ireland,0.773,0.843
IRL,1991,Ireland,0.777,0.846
IRL,1992,Ireland,0.782,0.849
IRL,1993,Ireland,0.791,0.852
IRL,1994,Ireland,0.798,0.854
IRL,1995,Ireland,0.805,0.856
IRL,1996,Ireland,0.811,0.859
IRL,1997,Ireland,0.819,0.861
IRL,1998,Ireland,0.851,0.865
IRL,1999,Ireland,0.859,0.87
IRL,2000,Ireland,0.867,0.875
IRL,2001,Ireland,0.873,0.88
IRL,2002,Ireland,0.881,0.887
IRL,2003,Ireland,0.889,0.893
IRL,2004,Ireland,0.898,0.899
IRL,2005,Ireland,0.904,0.905
IRL,2006,Ireland,0.906,0.91
IRL,2007,Ireland,0.909,0.915
IRL,2008,Ireland,0.911,0.919
IRL,2009,Ireland,0.906,0.923
IRL,2010,Ireland,0.901,0.926
IRL,2011,Ireland,0.902,0.929
IRL,2012,Ireland,0.908,0.932
IRL,2013,Ireland,0.917,0.936
IRL,2014,Ireland,0.928,0.94
IRL,2015,Ireland,0.935,0.944
IRL,2016,Ireland,0.943,0.948
IRL,2017,Ireland,0.947,0.952
IRL,2018,Ireland,0.951,0.955
IRL,2019,Ireland,0.955,0.959

IRN,1990,Iran,0.565,0.674
IRN,1991,Iran,0.583,0.695
IRN,1992,Iran,0.596,0.711
IRN,1993,Iran,0.607,0.725
IRN,1994,Iran,0.616,0.736
IRN,1995,Iran,0.627,0.744
IRN,1996,Iran,0.634,0.751
IRN,1997,Iran,0.64,0.756
IRN,1998,Iran,0.647,0.761
IRN,1999,Iran,0.652,0.766
IRN,2000,Iran,0.658,0.772
IRN,2001,Iran,0.665,0.778
IRN,2002,Iran,0.67,0.783
IRN,2003,Iran,0.677,0.789
IRN,2004,Iran,0.678,0.794
IRN,2005,Iran,0.683,0.799
IRN,2006,Iran,0.719,0.804
IRN,2007,Iran,0.723,0.81
IRN,2008,Iran,0.728,0.816
IRN,2009,Iran,0.734,0.822
IRN,2010,Iran,0.742,0.829
IRN,2011,Iran,0.753,0.836
IRN,2012,Iran,0.768,0.843
IRN,2013,Iran,0.771,0.849
IRN,2014,Iran,0.774,0.854
IRN,2015,Iran,0.774,0.858
IRN,2016,Iran,0.784,0.862
IRN,2017,Iran,0.787,0.866
IRN,2018,Iran,0.785,0.869
IRN,2019,Iran,0.783,0.872

IRQ,1990,Iraq,0.56,0.708
IRQ,1991,Iraq,0.512,0.718
IRQ,1992,Iraq,0.527,0.726
IRQ,1993,Iraq,0.548,0.733
IRQ,1994,Iraq,0.548,0.74
IRQ,1995,Iraq,0.539,0.745
IRQ,1996,Iraq,0.56,0.75
IRQ,1997,Iraq,0.569,0.753
IRQ,1998,Iraq,0.583,0.755
IRQ,1999,Iraq,0.591,0.756
IRQ,2000,Iraq,0.595,0.755
IRQ,2001,Iraq,0.601,0.754
IRQ,2002,Iraq,0.603,0.751
IRQ,2003,Iraq,0.589,0.748
IRQ,2004,Iraq,0.615,0.745
IRQ,2005,Iraq,0.617,0.743
IRQ,2006,Iraq,0.62,0.741
IRQ,2007,Iraq,0.623,0.74
IRQ,2008,Iraq,0.63,0.741
IRQ,2009,Iraq,0.632,0.744
IRQ,2010,Iraq,0.636,0.747
IRQ,2011,Iraq,0.642,0.752
IRQ,2012,Iraq,0.646,0.756
IRQ,2013,Iraq,0.646,0.761
IRQ,2014,Iraq,0.645,0.765
IRQ,2015,Iraq,0.649,0.768
IRQ,2016,Iraq,0.656,0.771
IRQ,2017,Iraq,0.667,0.774
IRQ,2018,Iraq,0.671,0.776
IRQ,2019,Iraq,0.674,0.778

ISL,1990,Iceland,0.807,0.894
ISL,1991,Iceland,0.82,0.896
ISL,1992,Iceland,0.823,0.898
ISL,1993,Iceland,0.824,0.9
ISL,1994,Iceland,0.829,0.902
ISL,1995,Iceland,0.831,0.904
ISL,1996,Iceland,0.836,0.906
ISL,1997,Iceland,0.846,0.909
ISL,1998,Iceland,0.855,0.913
ISL,1999,Iceland,0.86,0.917
ISL,2000,Iceland,0.867,0.921
ISL,2001,Iceland,0.872,0.926
ISL,2002,Iceland,0.881,0.93
ISL,2003,Iceland,0.887,0.934
ISL,2004,Iceland,0.891,0.937
ISL,2005,Iceland,0.896,0.94
ISL,2006,Iceland,0.899,0.942
ISL,2007,Iceland,0.905,0.944
ISL,2008,Iceland,0.899,0.946
ISL,2009,Iceland,0.898,0.949
ISL,2010,Iceland,0.898,0.951
ISL,2011,Iceland,0.907,0.953
ISL,2012,Iceland,0.915,0.955
ISL,2013,Iceland,0.927,0.957
ISL,2014,Iceland,0.931,0.959
ISL,2015,Iceland,0.934,0.961
ISL,2016,Iceland,0.941,0.963
ISL,2017,Iceland,0.943,0.965
ISL,2018,Iceland,0.946,0.967
ISL,2019,Iceland,0.949,0.969

ISR,1990,Israel,0.801,0.87
ISR,1991,Israel,0.808,0.874
ISR,1992,Israel,0.815,0.878
ISR,1993,Israel,0.821,0.882
ISR,1994,Israel,0.827,0.885
ISR,1995,Israel,0.832,0.889
ISR,1996,Israel,0.836,0.892
ISR,1997,Israel,0.844,0.895
ISR,1998,Israel,0.852,0.899
ISR,1999,Israel,0.859,0.903
ISR,2000,Israel,0.861,0.906
ISR,2001,Israel,0.865,0.91
ISR,2002,Israel,0.873,0.914
ISR,2003,Israel,0.874,0.919
ISR,2004,Israel,0.876,0.923
ISR,2005,Israel,0.88,0.927
ISR,2006,Israel,0.88,0.931
ISR,2007,Israel,0.889,0.935
ISR,2008,Israel,0.889,0.939
ISR,2009,Israel,0.89,0.942
ISR,2010,Israel,0.895,0.946
ISR,2011,Israel,0.901,0.949
ISR,2012,Israel,0.903,0.951
ISR,2013,Israel,0.905,0.954
ISR,2014,Israel,0.909,0.957
ISR,2015,Israel,0.91,0.959
ISR,2016,Israel,0.913,0.962
ISR,2017,Israel,0.913,0.964
ISR,2018,Israel,0.916,0.966
ISR,2019,Israel,0.919,0.969

ITA,1990,Italy,0.776,0.876
ITA,1991,Italy,0.782,0.879
ITA,1992,Italy,0.788,0.883
ITA,1993,Italy,0.793,0.886
ITA,1994,Italy,0.802,0.89
ITA,1995,Italy,0.808,0.894
ITA,1996,Italy,0.814,0.898
ITA,1997,Italy,0.821,0.902
ITA,1998,Italy,0.827,0.907
ITA,1999,Italy,0.832,0.912
ITA,2000,Italy,0.838,0.916
ITA,2001,Italy,0.845,0.921
ITA,2002,Italy,0.85,0.925
ITA,2003,Italy,0.855,0.93
ITA,2004,Italy,0.86,0.934
ITA,2005,Italy,0.865,0.938
ITA,2006,Italy,0.87,0.941
ITA,2007,Italy,0.874,0.945
ITA,2008,Italy,0.876,0.948
ITA,2009,Italy,0.876,0.951
ITA,2010,Italy,0.879,0.953
ITA,2011,Italy,0.883,0.956
ITA,2012,Italy,0.882,0.958
ITA,2013,Italy,0.881,0.961
ITA,2014,Italy,0.882,0.964
ITA,2015,Italy,0.882,0.967
ITA,2016,Italy,0.884,0.969
ITA,2017,Italy,0.886,0.972
ITA,2018,Italy,0.89,0.975
ITA,2019,Italy,0.892,0.977

JAM,1990,Jamaica,0.645,0.819
JAM,1991,Jamaica,0.648,0.823
JAM,1992,Jamaica,0.655,0.827
JAM,1993,Jamaica,0.67,0.83
JAM,1994,Jamaica,0.671,0.832
JAM,1995,Jamaica,0.674,0.833
JAM,1996,Jamaica,0.677,0.833
JAM,1997,Jamaica,0.679,0.833
JAM,1998,Jamaica,0.678,0.833
JAM,1999,Jamaica,0.68,0.833
JAM,2000,Jamaica,0.678,0.833
JAM,2001,Jamaica,0.689,0.833
JAM,2002,Jamaica,0.692,0.833
JAM,2003,Jamaica,0.687,0.833
JAM,2004,Jamaica,0.704,0.833
JAM,2005,Jamaica,0.706,0.833
JAM,2006,Jamaica,0.711,0.833
JAM,2007,Jamaica,0.719,0.833
JAM,2008,Jamaica,0.737,0.832
JAM,2009,Jamaica,0.733,0.832
JAM,2010,Jamaica,0.732,0.831
JAM,2011,Jamaica,0.731,0.831
JAM,2012,Jamaica,0.731,0.831
JAM,2013,Jamaica,0.729,0.831
JAM,2014,Jamaica,0.729,0.831
JAM,2015,Jamaica,0.731,0.832
JAM,2016,Jamaica,0.731,0.833
JAM,2017,Jamaica,0.734,0.835
JAM,2018,Jamaica,0.734,0.836
JAM,2019,Jamaica,0.734,0.838

JOR,1990,Jordan,0.625,0.767
JOR,1991,Jordan,0.636,0.771
JOR,1992,Jordan,0.657,0.774
JOR,1993,Jordan,0.668,0.777
JOR,1994,Jordan,0.679,0.78
JOR,1995,Jordan,0.693,0.783
JOR,1996,Jordan,0.695,0.785
JOR,1997,Jordan,0.699,0.788
JOR,1998,Jordan,0.702,0.791
JOR,1999,Jordan,0.706,0.793
JOR,2000,Jordan,0.711,0.796
JOR,2001,Jordan,0.717,0.799
JOR,2002,Jordan,0.715,0.801
JOR,2003,Jordan,0.72,0.804
JOR,2004,Jordan,0.726,0.807
JOR,2005,Jordan,0.738,0.809
JOR,2006,Jordan,0.741,0.812
JOR,2007,Jordan,0.744,0.814
JOR,2008,Jordan,0.745,0.817
JOR,2009,Jordan,0.743,0.819
JOR,2010,Jordan,0.737,0.822
JOR,2011,Jordan,0.734,0.824
JOR,2012,Jordan,0.735,0.826
JOR,2013,Jordan,0.729,0.828
JOR,2014,Jordan,0.729,0.83
JOR,2015,Jordan,0.73,0.832
JOR,2016,Jordan,0.729,0.834
JOR,2017,Jordan,0.726,0.835
JOR,2018,Jordan,0.728,0.837
JOR,2019,Jordan,0.729,0.839

JPN,1990,Japan,0.818,0.908
JPN,1991,Japan,0.823,0.91
JPN,1992,Japan,0.826,0.913
JPN,1993,Japan,0.831,0.916
JPN,1994,Japan,0.837,0.919
JPN,1995,Japan,0.842,0.922
JPN,1996,Japan,0.847,0.926
JPN,1997,Japan,0.85,0.929
JPN,1998,Japan,0.849,0.933
JPN,1999,Japan,0.852,0.937
JPN,2000,Japan,0.858,0.941
JPN,2001,Japan,0.861,0.945
JPN,2002,Japan,0.864,0.949
JPN,2003,Japan,0.867,0.952
JPN,2004,Japan,0.871,0.955
JPN,2005,Japan,0.875,0.958
JPN,2006,Japan,0.879,0.96
JPN,2007,Japan,0.882,0.963
JPN,2008,Japan,0.883,0.965
JPN,2009,Japan,0.882,0.967
JPN,2010,Japan,0.887,0.969
JPN,2011,Japan,0.892,0.971
JPN,2012,Japan,0.897,0.974
JPN,2013,Japan,0.902,0.976
JPN,2014,Japan,0.906,0.98
JPN,2015,Japan,0.908,0.983
JPN,2016,Japan,0.912,0.986
JPN,2017,Japan,0.915,0.989
JPN,2018,Japan,0.917,0.992
JPN,2019,Japan,0.919,0.994

KAZ,1990,Kazakhstan,0.69,0.72
KAZ,1991,Kazakhstan,0.684,0.712
KAZ,1992,Kazakhstan,0.682,0.703
KAZ,1993,Kazakhstan,0.675,0.694
KAZ,1994,Kazakhstan,0.667,0.684
KAZ,1995,Kazakhstan,0.664,0.676
KAZ,1996,Kazakhstan,0.666,0.67
KAZ,1997,Kazakhstan,0.669,0.666
KAZ,1998,Kazakhstan,0.672,0.664
KAZ,1999,Kazakhstan,0.676,0.665
KAZ,2000,Kazakhstan,0.685,0.669
KAZ,2001,Kazakhstan,0.7,0.674
KAZ,2002,Kazakhstan,0.714,0.679
KAZ,2003,Kazakhstan,0.726,0.685
KAZ,2004,Kazakhstan,0.737,0.69
KAZ,2005,Kazakhstan,0.747,0.696
KAZ,2006,Kazakhstan,0.754,0.701
KAZ,2007,Kazakhstan,0.758,0.706
KAZ,2008,Kazakhstan,0.758,0.713
KAZ,2009,Kazakhstan,0.762,0.72
KAZ,2010,Kazakhstan,0.764,0.729
KAZ,2011,Kazakhstan,0.772,0.739
KAZ,2012,Kazakhstan,0.782,0.751
KAZ,2013,Kazakhstan,0.791,0.764
KAZ,2014,Kazakhstan,0.798,0.777
KAZ,2015,Kazakhstan,0.806,0.79
KAZ,2016,Kazakhstan,0.808,0.801
KAZ,2017,Kazakhstan,0.815,0.811
KAZ,2018,Kazakhstan,0.819,0.819
KAZ,2019,Kazakhstan,0.825,0.825

